id_jugador,nombre_jugador,id_equipo,nombre_equipo,id_temporada,estado
20200282,Á. Muñoz,57,Monbus Obradoiro,2020,activo
30000286,K. Ozmizrak,57,Monbus Obradoiro,2020,activo
20200483,A. Oliver,57,Monbus Obradoiro,2020,activo
30000201,L. Beliauskas,57,Monbus Obradoiro,2020,activo
30000289,L. Birutis,57,Monbus Obradoiro,2020,activo
30000290,S. Enoch,57,Monbus Obradoiro,2020,activo
30000038,M. Daum,57,Monbus Obradoiro,2020,activo
30000287,K. Robertson,57,Monbus Obradoiro,2020,activo
30000288,J. Cohen,57,Monbus Obradoiro,2020,activo
20212288,C. Czerapowicz,57,Monbus Obradoiro,2020,activo
20200279,P. Pozas,57,Monbus Obradoiro,2020,activo
20204146,A. Suárez,57,Monbus Obradoiro,2020,activo
20212318,R. Cubero,57,Monbus Obradoiro,2020,activo
20213011,R. García,57,Monbus Obradoiro,2020,activo
30000159,M. Fernández,57,Monbus Obradoiro,2020,activo
30000951,A. Koniaris,57,Monbus Obradoiro,2020,baja
20209098,O. Paulí,22,MoraBanc Andorra,2020,activo
30000055,B. Sy,22,MoraBanc Andorra,2020,activo
30000213,B. Olumuyiwa,22,MoraBanc Andorra,2020,activo
30000296,M. Dime,22,MoraBanc Andorra,2020,activo
20211327,C. Hannah,22,MoraBanc Andorra,2020,activo
30000918,A. Parakhouski,22,MoraBanc Andorra,2020,activo
20210685,S. García,22,MoraBanc Andorra,2020,activo
20212433,S. Kulvietis,22,MoraBanc Andorra,2020,activo
30000999,F. Ruesga,22,MoraBanc Andorra,2020,activo
20211282,G. Colom,22,MoraBanc Andorra,2020,activo
20203834,D. Jelinek,22,MoraBanc Andorra,2020,activo
30000054,J. Senglin,22,MoraBanc Andorra,2020,activo
20212544,M. Martínez,22,MoraBanc Andorra,2020,activo
20212547,L. López,22,MoraBanc Andorra,2020,activo
30000627,A. Pons,22,MoraBanc Andorra,2020,activo
20211439,H. Bartolomé,22,MoraBanc Andorra,2020,baja
20209861,H. Palsson,22,MoraBanc Andorra,2020,baja
30000053,T. Pérez,22,MoraBanc Andorra,2020,baja
20212214,T. Gielo,22,MoraBanc Andorra,2020,baja
20203810,N. Llovet,22,MoraBanc Andorra,2020,baja
20211372,A. Bartolomé,22,MoraBanc Andorra,2020,baja
20212426,C. Kloof,22,MoraBanc Andorra,2020,baja
20210224,F. Causeur,9,Real Madrid,2020,activo
20201540,R. Fernández,9,Real Madrid,2020,activo
20210088,A. Abalde,9,Real Madrid,2020,activo
30000921,A. Tyus,9,Real Madrid,2020,activo
20211947,N. Laprovittola,9,Real Madrid,2020,activo
20200355,F. Reyes,9,Real Madrid,2020,activo
20212416,V. Poirier,9,Real Madrid,2020,activo
20202115,J. Carroll,9,Real Madrid,2020,activo
20209407,W. Tavares,9,Real Madrid,2020,activo
20201774,S. Llull,9,Real Madrid,2020,activo
20211615,T. Thompkins,9,Real Madrid,2020,activo
20211614,J. Taylor,9,Real Madrid,2020,activo
20210357,C. Alocén,9,Real Madrid,2020,activo
20212174,U. Garuba,9,Real Madrid,2020,activo
30000093,J. Núñez,9,Real Madrid,2020,activo
30000202,M. Spagnolo,9,Real Madrid,2020,activo
30000475,T. Vukcevic,9,Real Madrid,2020,activo
20212952,G. Deck,9,Real Madrid,2020,baja
20212172,B. Tisma,9,Real Madrid,2020,baja
20212195,A. Randolph,9,Real Madrid,2020,baja
20211331,F. Campazzo,9,Real Madrid,2020,baja
20212965,S. Dawson,8,Club Joventut Badalona,2020,activo
20211754,P. Busquets,8,Club Joventut Badalona,2020,activo
20200836,P. Ribas,8,Club Joventut Badalona,2020,activo
20211660,López-Arostegui,8,Club Joventut Badalona,2020,activo
20212967,C. Morgan,8,Club Joventut Badalona,2020,activo
20212971,V. Brodziansky,8,Club Joventut Badalona,2020,activo
20200247,A. Ventura,8,Club Joventut Badalona,2020,activo
20200243,F. Bassas,8,Club Joventut Badalona,2020,activo
20212423,S. Birgander,8,Club Joventut Badalona,2020,activo
20212265,J. Parra,8,Club Joventut Badalona,2020,activo
20202172,A. Tomic,8,Club Joventut Badalona,2020,activo
20211451,N. Dimitrijevic,8,Club Joventut Badalona,2020,activo
20212073,M. Allen,8,Club Joventut Badalona,2020,activo
20212264,A. Parrado,8,Club Joventut Badalona,2020,activo
30000095,Y. Kraag,8,Club Joventut Badalona,2020,activo
30000147,R. Martí,8,Club Joventut Badalona,2020,activo
30000153,Z. Maronka,8,Club Joventut Badalona,2020,activo
30000955,D. Jackson,8,Club Joventut Badalona,2020,baja
20212474,A. Zagars,8,Club Joventut Badalona,2020,baja
30000910,S. Kilpatrick,5,Herbalife Gran Canaria,2020,activo
20212243,A. Balcerowski,5,Herbalife Gran Canaria,2020,activo
20212966,S. Okoye,5,Herbalife Gran Canaria,2020,activo
20212190,A. Albicy,5,Herbalife Gran Canaria,2020,activo
30000031,AJ Slaughter,5,Herbalife Gran Canaria,2020,activo
30000748,T. Dimsa,5,Herbalife Gran Canaria,2020,activo
20210670,J. Shurna,5,Herbalife Gran Canaria,2020,activo
20204130,F. Santana,5,Herbalife Gran Canaria,2020,activo
20212905,K. Diop,5,Herbalife Gran Canaria,2020,activo
30000032,M. Costello,5,Herbalife Gran Canaria,2020,activo
20201904,J. Beirán,5,Herbalife Gran Canaria,2020,activo
20209878,O. Stevic,5,Herbalife Gran Canaria,2020,activo
20211935,J. López,5,Herbalife Gran Canaria,2020,activo
30000132,R. López,5,Herbalife Gran Canaria,2020,activo
30000133,M. Steinbergs,5,Herbalife Gran Canaria,2020,activo
30000514,J. Montero,5,Herbalife Gran Canaria,2020,activo
30000004,J. Wiley,5,Herbalife Gran Canaria,2020,baja
20204145,B. Burjanadze,5,Herbalife Gran Canaria,2020,baja
30000064,E. Clark,5,Herbalife Gran Canaria,2020,baja
30000022,F. Ferrari,5,Herbalife Gran Canaria,2020,baja
30000284,A. Della Valle,5,Herbalife Gran Canaria,2020,baja
20212462,J. Kljajic,5,Herbalife Gran Canaria,2020,baja
20210918,S. Yusta,28,Iberostar Tenerife,2020,activo
20212972,B. Fitipaldo,28,Iberostar Tenerife,2020,activo
20201760,M. Huertas,28,Iberostar Tenerife,2020,activo
20211597,S. Salin,28,Iberostar Tenerife,2020,activo
30000996,C. Jenkins,28,Iberostar Tenerife,2020,activo
20210279,S. Rodríguez,28,Iberostar Tenerife,2020,activo
20210659,G. Shermadini,28,Iberostar Tenerife,2020,activo
20210828,E. Sulejmanovic,28,Iberostar Tenerife,2020,activo
20203945,A. López,28,Iberostar Tenerife,2020,activo
30000285,T. Cavanaugh,28,Iberostar Tenerife,2020,activo
20209934,F. Guerra,28,Iberostar Tenerife,2020,activo
20212189,A. Doornekamp,28,Iberostar Tenerife,2020,activo
30000130,D. Brnovic,28,Iberostar Tenerife,2020,activo
30000773,S. Butterfield,28,Iberostar Tenerife,2020,baja
20204156,D. Díez,28,Iberostar Tenerife,2020,baja
20211313,G. Bogris,28,Iberostar Tenerife,2020,baja
20210815,G. Jou,10,BAXI Manresa,2020,activo
30000015,D. García,10,BAXI Manresa,2020,activo
30000269,M. Mason,10,BAXI Manresa,2020,activo
30000270,S. Hinrichs,10,BAXI Manresa,2020,activo
20202155,E. Báez,10,BAXI Manresa,2020,activo
20200437,R. Martínez,10,BAXI Manresa,2020,activo
30000272,M. Sajus,10,BAXI Manresa,2020,activo
30000025,J. Vaulet,10,BAXI Manresa,2020,activo
20212458,M. Janning,10,BAXI Manresa,2020,activo
30000271,S. Eatherton,10,BAXI Manresa,2020,activo
20213230,Y. Sima,10,BAXI Manresa,2020,activo
20212357,M. Pantzar,10,BAXI Manresa,2020,activo
20212078,M. Peñarroya,10,BAXI Manresa,2020,activo
20212454,L. Mutic,10,BAXI Manresa,2020,activo
20212992,P. Treviño,10,BAXI Manresa,2020,activo
30000022,F. Ferrari,10,BAXI Manresa,2020,baja
20203826,D. Pérez,10,BAXI Manresa,2020,baja
20210651,J. Tabu,10,BAXI Manresa,2020,baja
20212277,D. Dulkys,10,BAXI Manresa,2020,baja
20209835,J. Joesaar,10,BAXI Manresa,2020,baja
30000915,L. Westermann,2,Barça,2020,activo
20209836,A. Hanga,2,Barça,2020,activo
20213026,L. Bolmaro,2,Barça,2020,activo
20209986,R. Smits,2,Barça,2020,activo
20200381,P. Gasol,2,Barça,2020,activo
20202164,P. Oriola,2,Barça,2020,activo
20209223,A. Abrines,2,Barça,2020,activo
30000020,C. Higgins,2,Barça,2020,activo
20210232,K. Kuric,2,Barça,2020,activo
20202101,N. Mirotic,2,Barça,2020,activo
30000268,N. Calathes,2,Barça,2020,activo
30000019,B. Davies,2,Barça,2020,activo
20210335,S. Martínez,2,Barça,2020,activo
30000106,I. Badji,2,Barça,2020,activo
30000107,B. Badio,2,Barça,2020,activo
30000925,M. Caicedo,2,Barça,2020,activo
20201901,V. Claver,2,Barça,2020,baja
20211643,A. Pustovyi,2,Barça,2020,baja
20204097,T. Heurtel,2,Barça,2020,baja
30000050,F. Massenat,3,TD Systems Baskonia,2020,activo
30000308,T. Jekiri,3,TD Systems Baskonia,2020,activo
30000034,P. Henry,3,TD Systems Baskonia,2020,activo
20210830,T. Sedekerskis,3,TD Systems Baskonia,2020,activo
20202077,Q. Colom,3,TD Systems Baskonia,2020,activo
20209890,I. Diop,3,TD Systems Baskonia,2020,activo
30000037,Y. Fall,3,TD Systems Baskonia,2020,activo
30000307,A. Peters,3,TD Systems Baskonia,2020,activo
20210258,Z. Dragic,3,TD Systems Baskonia,2020,activo
30000306,R. Giedraitis,3,TD Systems Baskonia,2020,activo
30000070,A. Polonara,3,TD Systems Baskonia,2020,activo
20211887,A. Kurucs,3,TD Systems Baskonia,2020,activo
30000111,P. Savkov,3,TD Systems Baskonia,2020,activo
30000112,O. Hanzlik,3,TD Systems Baskonia,2020,activo
30000115,P. Sow,3,TD Systems Baskonia,2020,activo
20212239,S. Raieste,3,TD Systems Baskonia,2020,baja
20212427,L. Vildoza,3,TD Systems Baskonia,2020,baja
30000210,J. Randle,15,Coosur Real Betis,2020,activo
30000277,N. Kay,15,Coosur Real Betis,2020,activo
20211333,T. Borg,15,Coosur Real Betis,2020,activo
20209240,P. Niang,15,Coosur Real Betis,2020,activo
20204078,P. Almazán,15,Coosur Real Betis,2020,activo
20209101,N. Spires,15,Coosur Real Betis,2020,activo
20212172,B. Tisma,15,Coosur Real Betis,2020,activo
30000276,Y. Ouattara,15,Coosur Real Betis,2020,activo
30000275,M. Torres,15,Coosur Real Betis,2020,activo
30000278,Y. Ndoye,15,Coosur Real Betis,2020,activo
30000274,TJ Campbell,15,Coosur Real Betis,2020,activo
20212177,J. Jordan,15,Coosur Real Betis,2020,activo
20212579,L. García,15,Coosur Real Betis,2020,activo
30000163,I. Magassa,15,Coosur Real Betis,2020,activo
20210233,J. Feldeine,15,Coosur Real Betis,2020,baja
30000028,O. Enechionyia,15,Coosur Real Betis,2020,baja
30000339,R. Harrow,15,Coosur Real Betis,2020,baja
30000039,D. Kravic,549,Hereda San Pablo Burgos,2020,activo
20211605,M. Salash,549,Hereda San Pablo Burgos,2020,activo
20211641,V. Benite,549,Hereda San Pablo Burgos,2020,activo
20200246,A. Barrera,549,Hereda San Pablo Burgos,2020,activo
20212441,M. Salvó,549,Hereda San Pablo Burgos,2020,activo
20212959,T. McFadden,549,Hereda San Pablo Burgos,2020,activo
30000076,J. Rivero,549,Hereda San Pablo Burgos,2020,activo
20212244,J. Sakho,549,Hereda San Pablo Burgos,2020,activo
20202070,O. Cook,549,Hereda San Pablo Burgos,2020,activo
20203590,X. Rabaseda,549,Hereda San Pablo Burgos,2020,activo
30000304,K. Horton,549,Hereda San Pablo Burgos,2020,activo
20210271,A. Renfroe,549,Hereda San Pablo Burgos,2020,activo
20212472,O. Bieshaar,549,Hereda San Pablo Burgos,2020,activo
20212802,A. Alonso,549,Hereda San Pablo Burgos,2020,activo
30000091,K. Queeley,549,Hereda San Pablo Burgos,2020,activo
30000902,K. Fall,549,Hereda San Pablo Burgos,2020,baja
30000827,Á. Infante,549,Hereda San Pablo Burgos,2020,baja
20210647,G. Huskic,549,Hereda San Pablo Burgos,2020,baja
20212954,K. Prepelic,13,Valencia Basket,2020,activo
20211129,J. Pradilla,13,Valencia Basket,2020,activo
20213002,L. Labeyrie,13,Valencia Basket,2020,activo
20204111,S. Van Rossom,13,Valencia Basket,2020,activo
20212399,M. Tobey,13,Valencia Basket,2020,activo
30000314,N. Kalinic,13,Valencia Basket,2020,activo
20210254,B. Dubljevic,13,Valencia Basket,2020,activo
20204158,G. Vives,13,Valencia Basket,2020,activo
20200613,F. San Emeterio,13,Valencia Basket,2020,activo
30000315,D. Williams,13,Valencia Basket,2020,activo
30000313,M. Hermannsson,13,Valencia Basket,2020,activo
20203882,J. Sastre,13,Valencia Basket,2020,activo
20210392,J. Puerto,13,Valencia Basket,2020,activo
20212102,G. Ferrando,13,Valencia Basket,2020,activo
20212139,M. Jiménez,13,Valencia Basket,2020,activo
30000161,H. Henningsson,13,Valencia Basket,2020,activo
30000045,V. Marinkovic,13,Valencia Basket,2020,baja
20202077,Q. Colom,13,Valencia Basket,2020,baja
30000051,A. Avramovic,6,Movistar Estudiantes,2020,activo
20212250,A. Solá,6,Movistar Estudiantes,2020,activo
20209139,E. Vicedo,6,Movistar Estudiantes,2020,activo
20211645,A. Brown,6,Movistar Estudiantes,2020,activo
20212417,M. Laksa,6,Movistar Estudiantes,2020,activo
30000299,Á. Delgado,6,Movistar Estudiantes,2020,activo
20212871,D. Giedraitis,6,Movistar Estudiantes,2020,activo
30000298,N. Djurisic,6,Movistar Estudiantes,2020,activo
20211348,Z. Sakic,6,Movistar Estudiantes,2020,activo
20212204,A. Cvetkovic,6,Movistar Estudiantes,2020,activo
20200296,V. Arteaga,6,Movistar Estudiantes,2020,activo
20212114,R. Domínguez,6,Movistar Estudiantes,2020,activo
20212720,E. Stoilov,6,Movistar Estudiantes,2020,activo
20212736,I. Varela,6,Movistar Estudiantes,2020,activo
30000590,G. Levy,6,Movistar Estudiantes,2020,activo
30000956,JJ Barea,6,Movistar Estudiantes,2020,baja
20212256,D. Alderete,6,Movistar Estudiantes,2020,baja
30000297,J. Roberson,6,Movistar Estudiantes,2020,baja
20211591,E. Jackson,6,Movistar Estudiantes,2020,baja
20213027,A. Gentile,6,Movistar Estudiantes,2020,baja
30000550,C. Koumadje,6,Movistar Estudiantes,2020,baja
30000060,J. Brown,4,RETAbet Bilbao Basket,2020,activo
20204133,A. Reyes,4,RETAbet Bilbao Basket,2020,activo
20212462,J. Kljajic,4,RETAbet Bilbao Basket,2020,activo
20204142,O. Balvin,4,RETAbet Bilbao Basket,2020,activo
20210122,F. Dos Anjos,4,RETAbet Bilbao Basket,2020,activo
30001056,I. Athinaiou,4,RETAbet Bilbao Basket,2020,activo
30000211,Q. Serron,4,RETAbet Bilbao Basket,2020,activo
30000893,R. Miniotas,4,RETAbet Bilbao Basket,2020,activo
20210498,L. Hakanson,4,RETAbet Bilbao Basket,2020,activo
20212495,J. Jenkins,4,RETAbet Bilbao Basket,2020,activo
30001059,L. Tote,4,RETAbet Bilbao Basket,2020,activo
30000061,A. Kulboka,4,RETAbet Bilbao Basket,2020,activo
20210363,Í. Betolaza,4,RETAbet Bilbao Basket,2020,activo
30000118,N. Del Val,4,RETAbet Bilbao Basket,2020,activo
30000663,I. Chacón,4,RETAbet Bilbao Basket,2020,activo
30000300,J. Zyskowski,4,RETAbet Bilbao Basket,2020,baja
20210647,G. Huskic,4,RETAbet Bilbao Basket,2020,baja
30000063,J. Rousselle,4,RETAbet Bilbao Basket,2020,baja
30000911,A. Aminu,4,RETAbet Bilbao Basket,2020,baja
30000302,K. Moses,4,RETAbet Bilbao Basket,2020,baja
30000303,A. Jones,4,RETAbet Bilbao Basket,2020,baja
20211649,T. Rigo,4,RETAbet Bilbao Basket,2020,baja
20200191,J. Barreiro,16,Casademont Zaragoza,2020,activo
30000923,E. Harris,16,Casademont Zaragoza,2020,activo
20212648,N. Brussino,16,Casademont Zaragoza,2020,activo
20212348,J. Fernández,16,Casademont Zaragoza,2020,activo
20210147,A. Font,16,Casademont Zaragoza,2020,activo
20211653,R. Benzing,16,Casademont Zaragoza,2020,activo
20201800,R. San Miguel,16,Casademont Zaragoza,2020,activo
30000004,J. Wiley,16,Casademont Zaragoza,2020,activo
20212941,D. Ennis,16,Casademont Zaragoza,2020,activo
20212461,T. Hlinason,16,Casademont Zaragoza,2020,activo
20212976,J. Justiz,16,Casademont Zaragoza,2020,activo
30000273,R. Sulaimon,16,Casademont Zaragoza,2020,activo
20212482,J. García,16,Casademont Zaragoza,2020,activo
30000207,G. Knudsen,16,Casademont Zaragoza,2020,activo
30000610,P. Stosic,16,Casademont Zaragoza,2020,activo
30000898,TJ Bray,16,Casademont Zaragoza,2020,baja
30000209,J. Thompson,16,Casademont Zaragoza,2020,baja
20211133,V. Krejci,16,Casademont Zaragoza,2020,baja
20212280,L. Rupnik,16,Casademont Zaragoza,2020,baja
20211602,D. Seeley,16,Casademont Zaragoza,2020,baja
30000407,S. Konate,16,Casademont Zaragoza,2020,baja
20212448,D. Thompson,14,Unicaja,2020,activo
20204124,J. Fernández,14,Unicaja,2020,activo
20209919,D. Brizuela,14,Unicaja,2020,activo
20209226,A. Díaz,14,Unicaja,2020,activo
20210585,F. Alonso,14,Unicaja,2020,activo
30000963,M. Thomas,14,Unicaja,2020,activo
20211297,A. Waczynski,14,Unicaja,2020,activo
20211625,T. Abromaitis,14,Unicaja,2020,activo
20210707,R. Guerrero,14,Unicaja,2020,activo
20201767,C. Suárez,14,Unicaja,2020,activo
30000059,A. Bouteille,14,Unicaja,2020,activo
20212407,G. Mekel,14,Unicaja,2020,activo
20212883,P. Sánchez,14,Unicaja,2020,activo
30000204,R. Santos,14,Unicaja,2020,activo
30000479,Y. Nzosa,14,Unicaja,2020,activo
30001001,P. Tamba,14,Unicaja,2020,activo
20212773,V. Gerun,14,Unicaja,2020,baja
30000022,F. Ferrari,14,Unicaja,2020,baja
30000281,J. Dee,7,Acunsa GBC,2020,activo
20210941,V. Okouo,7,Acunsa GBC,2020,activo
30000280,L. Faggiano,7,Acunsa GBC,2020,activo
30000914,M. Carlson,7,Acunsa GBC,2020,activo
30000279,J. Span,7,Acunsa GBC,2020,activo
20200150,X. Oroz,7,Acunsa GBC,2020,activo
20211609,D. Radoncic,7,Acunsa GBC,2020,activo
20209872,M. Motos,7,Acunsa GBC,2020,activo
30000024,W. Magarity,7,Acunsa GBC,2020,activo
20209532,J. Olaizola,7,Acunsa GBC,2020,activo
20203675,P. Tomàs,7,Acunsa GBC,2020,activo
30000283,J. Echenique,7,Acunsa GBC,2020,activo
30000282,B. Francis,7,Acunsa GBC,2020,baja
30000021,J. Davis,12,UCAM Murcia CB,2020,activo
30000954,J. Webb,12,UCAM Murcia CB,2020,activo
20204053,T. Bellas,12,UCAM Murcia CB,2020,activo
20209892,R. Malmanis,12,UCAM Murcia CB,2020,activo
20211263,N. Radovic,12,UCAM Murcia CB,2020,activo
20210914,E. Cate,12,UCAM Murcia CB,2020,activo
30000962,I. Taylor,12,UCAM Murcia CB,2020,activo
20200277,A. Lima,12,UCAM Murcia CB,2020,activo
20212968,D. Strawberry,12,UCAM Murcia CB,2020,activo
20211304,S. Rojas,12,UCAM Murcia CB,2020,activo
30000309,C. Frankamp,12,UCAM Murcia CB,2020,activo
20201916,K. Vasileiadis,12,UCAM Murcia CB,2020,activo
20212350,I. Corraliza,12,UCAM Murcia CB,2020,activo
30000649,W. Falk,12,UCAM Murcia CB,2020,activo
30000731,A. Antetokounmpo,12,UCAM Murcia CB,2020,activo
30000998,N. Churchill,12,UCAM Murcia CB,2020,activo
30000312,D. DiLeo,12,UCAM Murcia CB,2020,baja
30000310,P. Jok,12,UCAM Murcia CB,2020,baja
30000967,C. Pacheco,12,UCAM Murcia CB,2020,baja
30000068,M. Townes,12,UCAM Murcia CB,2020,baja
20200274,R. Luz,12,UCAM Murcia CB,2020,baja
30000293,O. Emegano,17,Urbas Fuenlabrada,2020,activo
20201869,A. Urtasun,17,Urbas Fuenlabrada,2020,activo
30000909,K. Alexander,17,Urbas Fuenlabrada,2020,activo
30000292,M. Trimble,17,Urbas Fuenlabrada,2020,activo
20211841,O. Ehigiator,17,Urbas Fuenlabrada,2020,activo
30000294,L. Meindl,17,Urbas Fuenlabrada,2020,activo
20200293,C. González,17,Urbas Fuenlabrada,2020,activo
30000920,J. Sharma,17,Urbas Fuenlabrada,2020,activo
20210497,M. Garcia,17,Urbas Fuenlabrada,2020,activo
20203835,C. Eyenga,17,Urbas Fuenlabrada,2020,activo
30000927,K. Cheatham,17,Urbas Fuenlabrada,2020,activo
30001000,C. Diallo,17,Urbas Fuenlabrada,2020,activo
20212485,J. José Santana,17,Urbas Fuenlabrada,2020,activo
20213018,R. Macoha,17,Urbas Fuenlabrada,2020,activo
20213102,B. Bagayoko,17,Urbas Fuenlabrada,2020,activo
30000291,Z. Samar,17,Urbas Fuenlabrada,2020,activo
30000924,J. Novak,17,Urbas Fuenlabrada,2020,baja
20212405,N. Sikiras,17,Urbas Fuenlabrada,2020,baja
30000786,S. Thompson,17,Urbas Fuenlabrada,2020,baja
20212981,S. Vene,17,Urbas Fuenlabrada,2020,baja
20212426,C. Kloof,17,Urbas Fuenlabrada,2020,baja
20209878,O. Stevic,17,Urbas Fuenlabrada,2020,baja
20204053,T. Bellas,17,Urbas Fuenlabrada,2020,baja
20212985,V. Bobrov,17,Urbas Fuenlabrada,2020,baja
30000295,R. Upshaw,17,Urbas Fuenlabrada,2020,baja
30001171,T. Bell-Haynes,25,Río Breogán,2021,activo
30001181,M. Kacinas,25,Río Breogán,2021,activo
30001169,T. Kalinoski,25,Río Breogán,2021,activo
30001332,A. Ubal,25,Río Breogán,2021,activo
20212951,N. Jankovic,25,Río Breogán,2021,activo
30001170,D. Musa,25,Río Breogán,2021,activo
20212429,M. Lukovic,25,Río Breogán,2021,activo
20212244,J. Sakho,25,Río Breogán,2021,activo
30001182,E. Quintela,25,Río Breogán,2021,activo
20212284,R. Mahalbasic,25,Río Breogán,2021,activo
20204153,I. Cruz,25,Río Breogán,2021,activo
30000013,S. Quintela,25,Río Breogán,2021,activo
20201869,A. Urtasun,25,Río Breogán,2021,baja
30001180,A. Sollazzo,25,Río Breogán,2021,baja
30001179,K. Larsen,25,Río Breogán,2021,baja
20204124,J. Fernández,14,Unicaja,2021,activo
20200191,J. Barreiro,14,Unicaja,2021,activo
20209919,D. Brizuela,14,Unicaja,2021,activo
20209226,A. Díaz,14,Unicaja,2021,activo
30000039,D. Kravic,14,Unicaja,2021,activo
20210585,F. Alonso,14,Unicaja,2021,activo
20211625,T. Abromaitis,14,Unicaja,2021,activo
30001771,M. Mooney,14,Unicaja,2021,activo
20210707,R. Guerrero,14,Unicaja,2021,activo
20201767,C. Suárez,14,Unicaja,2021,activo
30000059,A. Bouteille,14,Unicaja,2021,activo
30001817,C. Oliver,14,Unicaja,2021,activo
20213207,R. Vicente,14,Unicaja,2021,activo
20213210,M. Saint-Supery,14,Unicaja,2021,activo
30000479,Y. Nzosa,14,Unicaja,2021,activo
30001238,N. Cole,14,Unicaja,2021,baja
20212218,M. Eric,14,Unicaja,2021,baja
20209139,E. Vicedo,14,Unicaja,2021,baja
20212883,P. Sánchez,14,Unicaja,2021,baja
30000910,S. Kilpatrick,16,Casademont Zaragoza,2021,activo
20210918,S. Yusta,16,Casademont Zaragoza,2021,activo
30000022,F. Ferrari,16,Casademont Zaragoza,2021,activo
20211609,D. Radoncic,16,Casademont Zaragoza,2021,activo
20202070,O. Cook,16,Casademont Zaragoza,2021,activo
20212448,D. Thompson,16,Casademont Zaragoza,2021,activo
30001853,C. Mekowulu,16,Casademont Zaragoza,2021,activo
20211297,A. Waczynski,16,Casademont Zaragoza,2021,activo
20210147,A. Font,16,Casademont Zaragoza,2021,activo
20212461,T. Hlinason,16,Casademont Zaragoza,2021,activo
20201800,R. San Miguel,16,Casademont Zaragoza,2021,activo
30001698,J. Bone,16,Casademont Zaragoza,2021,activo
20212482,J. García,16,Casademont Zaragoza,2021,activo
20213218,L. Langarita,16,Casademont Zaragoza,2021,activo
20213226,A. Mara,16,Casademont Zaragoza,2021,activo
30000610,P. Stosic,16,Casademont Zaragoza,2021,activo
30001131,H. Vanwijn,16,Casademont Zaragoza,2021,baja
30001130,M. Mobley,16,Casademont Zaragoza,2021,baja
20210853,R. Vilà,16,Casademont Zaragoza,2021,baja
20212966,S. Okoye,16,Casademont Zaragoza,2021,baja
30000030,K. Sipahi,16,Casademont Zaragoza,2021,baja
30001129,J. McLean,16,Casademont Zaragoza,2021,baja
30001697,D. Exum,2,Barça,2021,activo
30001120,S. Sanli,2,Barça,2021,activo
20210335,S. Martínez,2,Barça,2021,activo
20209986,R. Smits,2,Barça,2021,activo
20202164,P. Oriola,2,Barça,2021,activo
20211947,N. Laprovittola,2,Barça,2021,activo
20209223,A. Abrines,2,Barça,2021,activo
30000020,C. Higgins,2,Barça,2021,activo
20210232,K. Kuric,2,Barça,2021,activo
20202101,N. Mirotic,2,Barça,2021,activo
30000268,N. Calathes,2,Barça,2021,activo
30000019,B. Davies,2,Barça,2021,activo
30000925,M. Caicedo,2,Barça,2021,activo
30001217,R. Jokubaitis,2,Barça,2021,activo
30001243,R. Villar,2,Barça,2021,activo
30001353,J. Nnaji,2,Barça,2021,activo
30001234,N. Hayes,2,Barça,2021,baja
30001332,A. Ubal,2,Barça,2021,baja
30000106,I. Badji,2,Barça,2021,baja
20210224,F. Causeur,9,Real Madrid,2021,activo
20212195,A. Randolph,9,Real Madrid,2021,activo
20204097,T. Heurtel,9,Real Madrid,2021,activo
20201540,R. Fernández,9,Real Madrid,2021,activo
20210088,A. Abalde,9,Real Madrid,2021,activo
20209836,A. Hanga,9,Real Madrid,2021,activo
20212952,G. Deck,9,Real Madrid,2021,activo
20212416,V. Poirier,9,Real Madrid,2021,activo
20209407,W. Tavares,9,Real Madrid,2021,activo
20201774,S. Llull,9,Real Madrid,2021,activo
30001112,G. Yabusele,9,Real Madrid,2021,activo
20211614,J. Taylor,9,Real Madrid,2021,activo
20210357,C. Alocén,9,Real Madrid,2021,activo
30000093,J. Núñez,9,Real Madrid,2021,activo
30001089,U. Klavzar,9,Real Madrid,2021,activo
30001227,A. Sediq Garuba,9,Real Madrid,2021,activo
30001229,E. Ndiaye,9,Real Madrid,2021,activo
30001113,N.Williams-Goss,9,Real Madrid,2021,baja
20211615,T. Thompkins,9,Real Madrid,2021,baja
30000475,T. Vukcevic,9,Real Madrid,2021,baja
20211754,P. Busquets,8,Joventut Badalona,2021,activo
20211635,B. Paul,8,Joventut Badalona,2021,activo
20200836,P. Ribas,8,Joventut Badalona,2021,activo
20212971,V. Brodziansky,8,Joventut Badalona,2021,activo
20200247,A. Ventura,8,Joventut Badalona,2021,activo
20204158,G. Vives,8,Joventut Badalona,2021,activo
20200243,F. Bassas,8,Joventut Badalona,2021,activo
30001114,A. Feliz,8,Joventut Badalona,2021,activo
30001110,D. Willis,8,Joventut Badalona,2021,activo
20212423,S. Birgander,8,Joventut Badalona,2021,activo
20212265,J. Parra,8,Joventut Badalona,2021,activo
20202172,A. Tomic,8,Joventut Badalona,2021,activo
30000095,Y. Kraag,8,Joventut Badalona,2021,activo
30000145,K. Helmanis,8,Joventut Badalona,2021,activo
30000153,Z. Maronka,8,Joventut Badalona,2021,activo
20212474,A. Zagars,8,Joventut Badalona,2021,baja
20209890,I. Diop,5,Gran Canaria,2021,activo
20212190,A. Albicy,5,Gran Canaria,2021,activo
20212441,M. Salvó,5,Gran Canaria,2021,activo
30000031,AJ Slaughter,5,Gran Canaria,2021,activo
20212648,N. Brussino,5,Gran Canaria,2021,activo
20211935,J. López,5,Gran Canaria,2021,activo
20211643,A. Pustovyi,5,Gran Canaria,2021,activo
20210670,J. Shurna,5,Gran Canaria,2021,activo
20212905,K. Diop,5,Gran Canaria,2021,activo
20212941,D. Ennis,5,Gran Canaria,2021,activo
20209878,O. Stevic,5,Gran Canaria,2021,activo
20212234,K. Chery,5,Gran Canaria,2021,activo
20212021,A. Del Cerro,5,Gran Canaria,2021,activo
20212243,A. Balcerowski,5,Gran Canaria,2021,activo
20212916,M. Serrano,5,Gran Canaria,2021,activo
20212988,G. Pérez,5,Gran Canaria,2021,activo
30001193,D. Mutaf,5,Gran Canaria,2021,activo
30001220,C. Kramer,5,Gran Canaria,2021,baja
20210685,S. García,5,Gran Canaria,2021,baja
20212239,S. Raieste,3,Baskonia,2021,activo
30001116,W. Baldwin IV,3,Baskonia,2021,activo
20210830,T. Sedekerskis,3,Baskonia,2021,activo
30000045,V. Marinkovic,3,Baskonia,2021,activo
30001863,Y. Wetzell,3,Baskonia,2021,activo
20203770,J. Granger,3,Baskonia,2021,activo
30001218,S. Fontecchio,3,Baskonia,2021,activo
30000290,S. Enoch,3,Baskonia,2021,activo
30000032,M. Costello,3,Baskonia,2021,activo
30000307,A. Peters,3,Baskonia,2021,activo
30000306,R. Giedraitis,3,Baskonia,2021,activo
20211887,A. Kurucs,3,Baskonia,2021,activo
30000112,O. Hanzlik,3,Baskonia,2021,activo
30001251,S. Cissoko,3,Baskonia,2021,activo
20200246,A. Barrera,3,Baskonia,2021,baja
30001364,L. Peters,3,Baskonia,2021,baja
30001219,L. Nnoko,3,Baskonia,2021,baja
30001852,BJ Johnson,15,Coosur Real Betis,2021,activo
30000275,M. Torres,15,Coosur Real Betis,2021,activo
20212204,A. Cvetkovic,15,Coosur Real Betis,2021,activo
20204145,B. Burjanadze,15,Coosur Real Betis,2021,activo
20204078,P. Almazán,15,Coosur Real Betis,2021,activo
30001134,S. Evans,15,Coosur Real Betis,2021,activo
20210643,D. Bertans,15,Coosur Real Betis,2021,activo
20211607,A. Pasecniks,15,Coosur Real Betis,2021,activo
30000004,J. Wiley,15,Coosur Real Betis,2021,activo
20202155,E. Báez,15,Coosur Real Betis,2021,activo
30001221,V. Brown,15,Coosur Real Betis,2021,activo
20200279,P. Pozas,15,Coosur Real Betis,2021,activo
20212569,D. Gómez,15,Coosur Real Betis,2021,activo
20212579,L. García,15,Coosur Real Betis,2021,activo
30000166,P. Marin,15,Coosur Real Betis,2021,activo
30000163,I. Magassa,15,Coosur Real Betis,2021,baja
20211944,D. Agbelese,15,Coosur Real Betis,2021,baja
30001706,T. Leslie,15,Coosur Real Betis,2021,baja
30001199,V. Bleijenbergh,15,Coosur Real Betis,2021,baja
20209101,N. Spires,15,Coosur Real Betis,2021,baja
20200294,M. Todorovic,15,Coosur Real Betis,2021,baja
30000305,K. Carrington,15,Coosur Real Betis,2021,baja
20209098,O. Paulí,22,MoraBanc Andorra,2021,activo
30001847,Y. Franke,22,MoraBanc Andorra,2021,activo
30000213,B. Olumuyiwa,22,MoraBanc Andorra,2021,activo
20203810,N. Llovet,22,MoraBanc Andorra,2021,activo
30001858,TJ Cline,22,MoraBanc Andorra,2021,activo
20211327,C. Hannah,22,MoraBanc Andorra,2021,activo
20212744,M. Nakic,22,MoraBanc Andorra,2021,activo
30001132,D. Crawford,22,MoraBanc Andorra,2021,activo
20203834,D. Jelinek,22,MoraBanc Andorra,2021,activo
20212967,C. Morgan,22,MoraBanc Andorra,2021,activo
20200296,V. Arteaga,22,MoraBanc Andorra,2021,activo
30001133,Miller-McIntyre,22,MoraBanc Andorra,2021,activo
20210278,M. Diagné,22,MoraBanc Andorra,2021,baja
20211282,G. Colom,22,MoraBanc Andorra,2021,baja
30001137,A. Noua,22,MoraBanc Andorra,2021,baja
20212407,G. Mekel,22,MoraBanc Andorra,2021,baja
20210685,S. García,22,MoraBanc Andorra,2021,baja
30000293,O. Emegano,17,Urbas Fuenlabrada,2021,activo
30000291,Z. Samar,17,Urbas Fuenlabrada,2021,activo
30000909,K. Alexander,17,Urbas Fuenlabrada,2021,activo
30001364,L. Peters,17,Urbas Fuenlabrada,2021,activo
20211841,O. Ehigiator,17,Urbas Fuenlabrada,2021,activo
30000294,L. Meindl,17,Urbas Fuenlabrada,2021,activo
30001145,D. Ristic,17,Urbas Fuenlabrada,2021,activo
20203945,A. López,17,Urbas Fuenlabrada,2021,activo
20200293,C. González,17,Urbas Fuenlabrada,2021,activo
30000924,J. Novak,17,Urbas Fuenlabrada,2021,activo
20203835,C. Eyenga,17,Urbas Fuenlabrada,2021,activo
30000927,K. Cheatham,17,Urbas Fuenlabrada,2021,activo
20212170,P. Rodrigo,17,Urbas Fuenlabrada,2021,activo
20213102,B. Bagayoko,17,Urbas Fuenlabrada,2021,activo
30000138,J. Fernández,17,Urbas Fuenlabrada,2021,activo
30001261,M. Lewis,17,Urbas Fuenlabrada,2021,activo
20212409,D.Milosavljevic,17,Urbas Fuenlabrada,2021,baja
30001352,B. Zheng,17,Urbas Fuenlabrada,2021,baja
20212410,R. McCallum,17,Urbas Fuenlabrada,2021,baja
30001211,S. Armand,17,Urbas Fuenlabrada,2021,baja
20209139,E. Vicedo,17,Urbas Fuenlabrada,2021,baja
20201901,V. Claver,13,Valencia Basket,2021,activo
20210392,J. Puerto,13,Valencia Basket,2021,activo
20212954,K. Prepelic,13,Valencia Basket,2021,activo
20211660,López-Arostegui,13,Valencia Basket,2021,activo
20204111,S. Van Rossom,13,Valencia Basket,2021,activo
20212399,M. Tobey,13,Valencia Basket,2021,activo
20210254,B. Dubljevic,13,Valencia Basket,2021,activo
30001854,O. Hanlan,13,Valencia Basket,2021,activo
30000313,M. Hermannsson,13,Valencia Basket,2021,activo
30000076,J. Rivero,13,Valencia Basket,2021,activo
20213002,L. Labeyrie,13,Valencia Basket,2021,activo
20211451,N. Dimitrijevic,13,Valencia Basket,2021,activo
20211129,J. Pradilla,13,Valencia Basket,2021,activo
20212102,G. Ferrando,13,Valencia Basket,2021,activo
20212139,M. Jiménez,13,Valencia Basket,2021,activo
30000168,R. Vila,13,Valencia Basket,2021,activo
30000173,A. Bellver,13,Valencia Basket,2021,activo
30001258,G. Bressan,13,Valencia Basket,2021,activo
30001185,J. Withey,4,Surne Bilbao Basket,2021,activo
30000063,J. Rousselle,4,Surne Bilbao Basket,2021,activo
20210851,S. Peno,4,Surne Bilbao Basket,2021,activo
20200274,R. Luz,4,Surne Bilbao Basket,2021,activo
20211649,T. Rigo,4,Surne Bilbao Basket,2021,activo
20204133,A. Reyes,4,Surne Bilbao Basket,2021,activo
20210498,L. Hakanson,4,Surne Bilbao Basket,2021,activo
30001183,G. Masiulis,4,Surne Bilbao Basket,2021,activo
20212227,D. Walker,4,Surne Bilbao Basket,2021,activo
30000299,Á. Delgado,4,Surne Bilbao Basket,2021,activo
30001111,A. Goudelock,4,Surne Bilbao Basket,2021,activo
30001509,D. Inglis,4,Surne Bilbao Basket,2021,activo
30000116,A. Fernández,4,Surne Bilbao Basket,2021,activo
30000124,G. Basterrechea,4,Surne Bilbao Basket,2021,activo
30000658,E. Ude,4,Surne Bilbao Basket,2021,activo
30000663,I. Chacón,4,Surne Bilbao Basket,2021,activo
30001248,D. Monge,4,Surne Bilbao Basket,2021,activo
30001184,V. Bigote,4,Surne Bilbao Basket,2021,baja
20211756,A. Galán,4,Surne Bilbao Basket,2021,baja
30001643,K. Thomas,4,Surne Bilbao Basket,2021,baja
30000893,R. Miniotas,4,Surne Bilbao Basket,2021,baja
30001250,S. Francisco,10,BAXI Manresa,2021,activo
30000015,D. García,10,BAXI Manresa,2021,activo
30001128,C. Moneke,10,BAXI Manresa,2021,activo
20200437,R. Martínez,10,BAXI Manresa,2021,activo
30001214,E. Valtonen,10,BAXI Manresa,2021,activo
30001215,I. Bako,10,BAXI Manresa,2021,activo
30000025,J. Vaulet,10,BAXI Manresa,2021,activo
30001127,J. Thomasson,10,BAXI Manresa,2021,activo
30001213,L. Maye,10,BAXI Manresa,2021,activo
20203826,D. Pérez,10,BAXI Manresa,2021,activo
20213230,Y. Sima,10,BAXI Manresa,2021,activo
30000107,B. Badio,10,BAXI Manresa,2021,activo
20212082,T. Naspler,10,BAXI Manresa,2021,activo
30000133,M. Steinbergs,10,BAXI Manresa,2021,activo
30000645,M. Sagnia,10,BAXI Manresa,2021,activo
20201850,T. Urtasun,10,BAXI Manresa,2021,baja
30001216,J. Berzins,10,BAXI Manresa,2021,baja
20210815,G. Jou,10,BAXI Manresa,2021,baja
30000021,J. Davis,12,UCAM Murcia,2021,activo
30000954,J. Webb,12,UCAM Murcia,2021,activo
20200277,A. Lima,12,UCAM Murcia,2021,activo
20204053,T. Bellas,12,UCAM Murcia,2021,activo
20209892,R. Malmanis,12,UCAM Murcia,2021,activo
20211263,N. Radovic,12,UCAM Murcia,2021,activo
20212959,T. McFadden,12,UCAM Murcia,2021,activo
20210914,E. Cate,12,UCAM Murcia,2021,activo
30000962,I. Taylor,12,UCAM Murcia,2021,activo
20211304,S. Rojas,12,UCAM Murcia,2021,activo
20212288,C. Czerapowicz,12,UCAM Murcia,2021,activo
20201916,K. Vasileiadis,12,UCAM Murcia,2021,activo
30001210,Y. Mestoglu,12,UCAM Murcia,2021,activo
30000091,K. Queeley,549,Hereda San Pablo Burgos,2021,activo
30001864,A. Clemmons,549,Hereda San Pablo Burgos,2021,activo
20211605,M. Salash,549,Hereda San Pablo Burgos,2021,activo
20211641,V. Benite,549,Hereda San Pablo Burgos,2021,activo
20204156,D. Díez,549,Hereda San Pablo Burgos,2021,activo
30001772,T. Phillip,549,Hereda San Pablo Burgos,2021,activo
20203590,X. Rabaseda,549,Hereda San Pablo Burgos,2021,activo
20212986,C. Lalanne,549,Hereda San Pablo Burgos,2021,activo
20210497,M. Garcia,549,Hereda San Pablo Burgos,2021,activo
30000066,J. Eddie,549,Hereda San Pablo Burgos,2021,activo
20210271,A. Renfroe,549,Hereda San Pablo Burgos,2021,activo
30001219,L. Nnoko,549,Hereda San Pablo Burgos,2021,activo
30001331,G. Corbalán,549,Hereda San Pablo Burgos,2021,activo
30001224,A. Nikolic,549,Hereda San Pablo Burgos,2021,baja
30001337,J. Gamble,549,Hereda San Pablo Burgos,2021,baja
30001225,K. Kullamae,549,Hereda San Pablo Burgos,2021,baja
30001696,H. Dalton,549,Hereda San Pablo Burgos,2021,baja
30000039,D. Kravic,549,Hereda San Pablo Burgos,2021,baja
30001223,T. Mcgee,549,Hereda San Pablo Burgos,2021,baja
30001222,S. Zack,549,Hereda San Pablo Burgos,2021,baja
30001126,S. Braimoh,549,Hereda San Pablo Burgos,2021,baja
30001166,T. Scrubb,57,Monbus Obradoiro,2021,activo
20210941,V. Okouo,57,Monbus Obradoiro,2021,activo
30001187,B. Hobbs,57,Monbus Obradoiro,2021,activo
20200483,A. Oliver,57,Monbus Obradoiro,2021,activo
30001117,H. Ellenson,57,Monbus Obradoiro,2021,activo
30000201,L. Beliauskas,57,Monbus Obradoiro,2021,activo
30000289,L. Birutis,57,Monbus Obradoiro,2021,activo
30000058,P. Scrubb,57,Monbus Obradoiro,2021,activo
30000287,K. Robertson,57,Monbus Obradoiro,2021,activo
20200282,Á. Muñoz,57,Monbus Obradoiro,2021,activo
20204146,A. Suárez,57,Monbus Obradoiro,2021,activo
20209139,E. Vicedo,57,Monbus Obradoiro,2021,activo
30001270,S. Huguet,57,Monbus Obradoiro,2021,activo
30001167,F. Zurbriggen,57,Monbus Obradoiro,2021,baja
30001168,M. Filipovity,57,Monbus Obradoiro,2021,baja
20211333,T. Borg,28,Lenovo Tenerife,2021,activo
20212972,B. Fitipaldo,28,Lenovo Tenerife,2021,activo
20201760,M. Huertas,28,Lenovo Tenerife,2021,activo
20211597,S. Salin,28,Lenovo Tenerife,2021,activo
20210279,S. Rodríguez,28,Lenovo Tenerife,2021,activo
20203882,J. Sastre,28,Lenovo Tenerife,2021,activo
20210659,G. Shermadini,28,Lenovo Tenerife,2021,activo
20210404,D. Todorovic,28,Lenovo Tenerife,2021,activo
20210828,E. Sulejmanovic,28,Lenovo Tenerife,2021,activo
20212949,K. Wiltjer,28,Lenovo Tenerife,2021,activo
20209934,F. Guerra,28,Lenovo Tenerife,2021,activo
20212189,A. Doornekamp,28,Lenovo Tenerife,2021,activo
30000130,D. Brnovic,28,Lenovo Tenerife,2021,activo
30001138,S. Smith,28,Lenovo Tenerife,2021,baja
30001337,J. Gamble,28,Lenovo Tenerife,2021,baja
20204124,J. Fernández,28,Lenovo Tenerife,2022,activo
20212972,B. Fitipaldo,28,Lenovo Tenerife,2022,activo
20201760,M. Huertas,28,Lenovo Tenerife,2022,activo
20211597,S. Salin,28,Lenovo Tenerife,2022,activo
20210278,M. Diagné,28,Lenovo Tenerife,2022,activo
20203882,J. Sastre,28,Lenovo Tenerife,2022,activo
20210659,G. Shermadini,28,Lenovo Tenerife,2022,activo
20211625,T. Abromaitis,28,Lenovo Tenerife,2022,activo
30001916,E. Cook,28,Lenovo Tenerife,2022,activo
20213026,L. Bolmaro,28,Lenovo Tenerife,2022,activo
20209934,F. Guerra,28,Lenovo Tenerife,2022,activo
20212189,A. Doornekamp,28,Lenovo Tenerife,2022,activo
20213099,D. Fernández,28,Lenovo Tenerife,2022,activo
30002477,L. Riga,28,Lenovo Tenerife,2022,activo
20212973,D. Mathias,28,Lenovo Tenerife,2022,baja
20210279,S. Rodríguez,28,Lenovo Tenerife,2022,baja
20204153,I. Cruz,28,Lenovo Tenerife,2022,baja
30002514,M. Heidegger,3,Cazoo Baskonia,2022,activo
20212239,S. Raieste,3,Cazoo Baskonia,2022,activo
20210830,T. Sedekerskis,3,Cazoo Baskonia,2022,activo
30000045,V. Marinkovic,3,Cazoo Baskonia,2022,activo
20204156,D. Díez,3,Cazoo Baskonia,2022,activo
30001900,D. Thompson,3,Cazoo Baskonia,2022,activo
30001976,M. Kotsar,3,Cazoo Baskonia,2022,activo
30000290,S. Enoch,3,Cazoo Baskonia,2022,activo
30000032,M. Costello,3,Cazoo Baskonia,2022,activo
30000306,R. Giedraitis,3,Cazoo Baskonia,2022,activo
20211887,A. Kurucs,3,Cazoo Baskonia,2022,activo
30001957,M. Howard,3,Cazoo Baskonia,2022,activo
30000111,P. Savkov,3,Cazoo Baskonia,2022,activo
30002069,O. Ndiaye,3,Cazoo Baskonia,2022,activo
30001901,D. Hommes,3,Cazoo Baskonia,2022,baja
30000034,P. Henry,3,Cazoo Baskonia,2022,baja
30001889,S. Momirov,25,Río Breogán,2022,activo
20210685,S. García,25,Río Breogán,2022,activo
20212429,M. Lukovic,25,Río Breogán,2022,activo
30001956,N. Nenadic,25,Río Breogán,2022,activo
30001955,J. Hollatz,25,Río Breogán,2022,activo
30001954,E. Happ,25,Río Breogán,2022,activo
30001182,E. Quintela,25,Río Breogán,2022,activo
30002606,N. Tanaskovic,25,Río Breogán,2022,activo
30002006,L. Brajkovic,25,Río Breogán,2022,activo
30000013,S. Quintela,25,Río Breogán,2022,activo
20200296,V. Arteaga,25,Río Breogán,2022,activo
30001899,T. Nakic,25,Río Breogán,2022,activo
20210661,S. Bamforth,25,Río Breogán,2022,baja
20210571,J. Kasibabu,25,Río Breogán,2022,baja
20210224,F. Causeur,9,Real Madrid,2022,activo
20212195,A. Randolph,9,Real Madrid,2022,activo
20201540,R. Fernández,9,Real Madrid,2022,activo
20209836,A. Hanga,9,Real Madrid,2022,activo
20210501,M. Hezonja,9,Real Madrid,2022,activo
20201730,S. Rodríguez,9,Real Madrid,2022,activo
20212416,V. Poirier,9,Real Madrid,2022,activo
20209407,W. Tavares,9,Real Madrid,2022,activo
20201774,S. Llull,9,Real Madrid,2022,activo
30001112,G. Yabusele,9,Real Madrid,2022,activo
30001170,D. Musa,9,Real Madrid,2022,activo
30001113,N.Williams-Goss,9,Real Madrid,2022,activo
20213252,H. González,9,Real Madrid,2022,activo
30001229,E. Ndiaye,9,Real Madrid,2022,activo
30002039,I. Diagne,9,Real Madrid,2022,activo
30002630,E. Demin,9,Real Madrid,2022,activo
20210088,A. Abalde,9,Real Madrid,2022,baja
30001953,P. Cornelie,9,Real Madrid,2022,baja
20212952,G. Deck,9,Real Madrid,2022,baja
20201901,V. Claver,13,Valencia Basket,2022,activo
20210392,J. Puerto,13,Valencia Basket,2022,activo
20211129,J. Pradilla,13,Valencia Basket,2022,activo
30000954,J. Webb,13,Valencia Basket,2022,activo
30002048,C. Jones,13,Valencia Basket,2022,activo
20212102,G. Ferrando,13,Valencia Basket,2022,activo
30001917,J. Radebaugh,13,Valencia Basket,2022,activo
30001134,S. Evans,13,Valencia Basket,2022,activo
20210254,B. Dubljevic,13,Valencia Basket,2022,activo
30000909,K. Alexander,13,Valencia Basket,2022,activo
30000313,M. Hermannsson,13,Valencia Basket,2022,activo
30002061,J. Harper,13,Valencia Basket,2022,activo
20212139,M. Jiménez,13,Valencia Basket,2022,activo
20213202,L. Marí,13,Valencia Basket,2022,activo
30001258,G. Bressan,13,Valencia Basket,2022,activo
30001360,S. De Larrea,13,Valencia Basket,2022,activo
20212954,K. Prepelic,13,Valencia Basket,2022,baja
30000076,J. Rivero,13,Valencia Basket,2022,baja
20211660,López-Arostegui,13,Valencia Basket,2022,baja
20212102,G. Ferrando,13,Valencia Basket,2022,baja
20204111,S. Van Rossom,13,Valencia Basket,2022,baja
30001185,J. Withey,4,Surne Bilbao Basket,2022,activo
30002057,A. Smith,4,Surne Bilbao Basket,2022,activo
20200250,S. Llorente,4,Surne Bilbao Basket,2022,activo
30001914,N. Radicevic,4,Surne Bilbao Basket,2022,activo
30001983,D. Andersson,4,Surne Bilbao Basket,2022,activo
20211649,T. Rigo,4,Surne Bilbao Basket,2022,activo
20204133,A. Reyes,4,Surne Bilbao Basket,2022,activo
20210828,E. Sulejmanovic,4,Surne Bilbao Basket,2022,activo
20203590,X. Rabaseda,4,Surne Bilbao Basket,2022,activo
30001913,M. Kyser,4,Surne Bilbao Basket,2022,activo
20210134,I. Rosa,4,Surne Bilbao Basket,2022,activo
30002108,G. Tsalmpouris,4,Surne Bilbao Basket,2022,activo
20211996,U. Barandalla,4,Surne Bilbao Basket,2022,activo
30000658,E. Ude,4,Surne Bilbao Basket,2022,activo
30000663,I. Chacón,4,Surne Bilbao Basket,2022,activo
30001332,A. Ubal,4,Surne Bilbao Basket,2022,activo
20210585,F. Alonso,4,Surne Bilbao Basket,2022,baja
20210498,L. Hakanson,4,Surne Bilbao Basket,2022,baja
20212243,A. Balcerowski,5,Gran Canaria,2022,activo
20212462,J. Kljajic,5,Gran Canaria,2022,activo
30000031,AJ Slaughter,5,Gran Canaria,2022,activo
20212190,A. Albicy,5,Gran Canaria,2022,activo
20211641,V. Benite,5,Gran Canaria,2022,activo
20212648,N. Brussino,5,Gran Canaria,2022,activo
20212441,M. Salvó,5,Gran Canaria,2022,activo
20210670,J. Shurna,5,Gran Canaria,2022,activo
20212905,K. Diop,5,Gran Canaria,2022,activo
30001224,A. Nikolic,5,Gran Canaria,2022,activo
20209878,O. Stevic,5,Gran Canaria,2022,activo
30001509,D. Inglis,5,Gran Canaria,2022,activo
30000094,D. Duscak,5,Gran Canaria,2022,activo
30001193,D. Mutaf,5,Gran Canaria,2022,activo
30002594,M. Carrera,5,Gran Canaria,2022,baja
20200243,F. Bassas,5,Gran Canaria,2022,baja
30000132,R. López,5,Gran Canaria,2022,baja
30001166,T. Scrubb,57,Monbus Obradoiro,2022,activo
30001167,F. Zurbriggen,57,Monbus Obradoiro,2022,activo
30000915,L. Westermann,57,Monbus Obradoiro,2022,activo
30002575,W. Magnay,57,Monbus Obradoiro,2022,activo
30000058,P. Scrubb,57,Monbus Obradoiro,2022,activo
20212227,D. Walker,57,Monbus Obradoiro,2022,activo
30000287,K. Robertson,57,Monbus Obradoiro,2022,activo
20210707,R. Guerrero,57,Monbus Obradoiro,2022,activo
20200282,Á. Muñoz,57,Monbus Obradoiro,2022,activo
20204146,A. Suárez,57,Monbus Obradoiro,2022,activo
20209139,E. Vicedo,57,Monbus Obradoiro,2022,activo
20212152,S. Paz,57,Monbus Obradoiro,2022,activo
30001998,M. Blazevic,57,Monbus Obradoiro,2022,activo
30002091,F. Niang,57,Monbus Obradoiro,2022,activo
30002497,J. Manuel Bocca,57,Monbus Obradoiro,2022,activo
30002021,D. Bender,57,Monbus Obradoiro,2022,baja
30001888,M. Paige,57,Monbus Obradoiro,2022,baja
30001994,T. Bropleh,592,Coviran Granada,2022,activo
20209240,P. Niang,592,Coviran Granada,2022,activo
20210271,A. Renfroe,592,Coviran Granada,2022,activo
20208873,C. Díaz,592,Coviran Granada,2022,activo
20209470,L. Costa,592,Coviran Granada,2022,activo
20203675,P. Tomàs,592,Coviran Granada,2022,activo
20210716,D. Iriarte,592,Coviran Granada,2022,activo
30000925,M. Caicedo,592,Coviran Granada,2022,activo
30001127,J. Thomasson,592,Coviran Granada,2022,activo
30001213,L. Maye,592,Coviran Granada,2022,activo
30000278,Y. Ndoye,592,Coviran Granada,2022,activo
20210493,J. Diaz,592,Coviran Granada,2022,activo
30002030,Á. Corpas,592,Coviran Granada,2022,activo
30002031,R. Revelles,592,Coviran Granada,2022,activo
30002032,R. Martín,592,Coviran Granada,2022,activo
30002454,M. Moore,592,Coviran Granada,2022,baja
20210853,R. Vilà,592,Coviran Granada,2022,baja
20210404,D. Todorovic,592,Coviran Granada,2022,baja
30002113,P. Ali,592,Coviran Granada,2022,baja
30002033,C. Felicio,592,Coviran Granada,2022,baja
20210497,M. Garcia,17,Carplus Fuenlabrada,2022,activo
20213018,R. Macoha,17,Carplus Fuenlabrada,2022,activo
20211841,O. Ehigiator,17,Carplus Fuenlabrada,2022,activo
30002524,M. Ngouama,17,Carplus Fuenlabrada,2022,activo
30001261,M. Lewis,17,Carplus Fuenlabrada,2022,activo
30000138,J. Fernández,17,Carplus Fuenlabrada,2022,activo
30002008,L. Kromah,17,Carplus Fuenlabrada,2022,activo
30000924,J. Novak,17,Carplus Fuenlabrada,2022,activo
20203835,C. Eyenga,17,Carplus Fuenlabrada,2022,activo
30000304,K. Horton,17,Carplus Fuenlabrada,2022,activo
30002113,P. Ali,17,Carplus Fuenlabrada,2022,activo
20210941,V. Okouo,17,Carplus Fuenlabrada,2022,activo
20213102,B. Bagayoko,17,Carplus Fuenlabrada,2022,activo
20213126,R. Diaz,17,Carplus Fuenlabrada,2022,activo
20213243,K. Mutambirwa,17,Carplus Fuenlabrada,2022,activo
30001278,M. Samar,17,Carplus Fuenlabrada,2022,activo
30002452,A. Traore,17,Carplus Fuenlabrada,2022,activo
30002516,J. Vaquero,17,Carplus Fuenlabrada,2022,activo
30002579,K. Pinder,17,Carplus Fuenlabrada,2022,baja
30002343,J. Caroline,17,Carplus Fuenlabrada,2022,baja
20211327,C. Hannah,17,Carplus Fuenlabrada,2022,baja
30000111,P. Savkov,17,Carplus Fuenlabrada,2022,baja
30000054,J. Senglin,17,Carplus Fuenlabrada,2022,baja
30001145,D. Ristic,17,Carplus Fuenlabrada,2022,baja
20201904,J. Beirán,17,Carplus Fuenlabrada,2022,baja
30001950,O. Da Silva,2,Barça,2022,activo
20209098,O. Paulí,2,Barça,2022,activo
30001120,S. Sanli,2,Barça,2022,activo
30001949,J. Vesely,2,Barça,2022,activo
20210335,S. Martínez,2,Barça,2022,activo
30000314,N. Kalinic,2,Barça,2022,activo
20202163,T. Satoransky,2,Barça,2022,activo
20211947,N. Laprovittola,2,Barça,2022,activo
20209223,A. Abrines,2,Barça,2022,activo
20210232,K. Kuric,2,Barça,2022,activo
30001217,R. Jokubaitis,2,Barça,2022,activo
20202101,N. Mirotic,2,Barça,2022,activo
30001353,J. Nnaji,2,Barça,2022,activo
30002439,D. Sarr,2,Barça,2022,activo
30002618,K. Jakucionis,2,Barça,2022,activo
20212399,M. Tobey,2,Barça,2022,baja
30000020,C. Higgins,2,Barça,2022,baja
30000925,M. Caicedo,2,Barça,2022,baja
30001243,R. Villar,2,Barça,2022,baja
20210918,S. Yusta,16,Casademont Zaragoza,2022,activo
20211609,D. Radoncic,16,Casademont Zaragoza,2022,activo
30001999,J. Jessup,16,Casademont Zaragoza,2022,activo
30002004,M. Ponitka,16,Casademont Zaragoza,2022,activo
20209229,M. Nguirane,16,Casademont Zaragoza,2022,activo
30001853,C. Mekowulu,16,Casademont Zaragoza,2022,activo
20210197,B. Simanic,16,Casademont Zaragoza,2022,activo
30002442,S. Jovic,16,Casademont Zaragoza,2022,activo
20212461,T. Hlinason,16,Casademont Zaragoza,2022,activo
20204153,I. Cruz,16,Casademont Zaragoza,2022,activo
30002036,H. Sant-Roos,16,Casademont Zaragoza,2022,activo
30002219,C. Wright,16,Casademont Zaragoza,2022,activo
20213218,L. Langarita,16,Casademont Zaragoza,2022,activo
20213226,A. Mara,16,Casademont Zaragoza,2022,activo
30002412,P. Aso,16,Casademont Zaragoza,2022,activo
30002590,M. Flores,16,Casademont Zaragoza,2022,activo
20212482,J. García,16,Casademont Zaragoza,2022,baja
30000022,F. Ferrari,16,Casademont Zaragoza,2022,baja
30002003,R. Lomazs,16,Casademont Zaragoza,2022,baja
30000053,T. Pérez,15,Real Betis Baloncesto,2022,activo
30001852,BJ Johnson,15,Real Betis Baloncesto,2022,activo
20212204,A. Cvetkovic,15,Real Betis Baloncesto,2022,activo
20204078,P. Almazán,15,Real Betis Baloncesto,2022,activo
30002616,J. Pargo,15,Real Betis Baloncesto,2022,activo
20210643,D. Bertans,15,Real Betis Baloncesto,2022,activo
20211607,A. Pasecniks,15,Real Betis Baloncesto,2022,activo
20202155,E. Báez,15,Real Betis Baloncesto,2022,activo
20212411,L. Fischer,15,Real Betis Baloncesto,2022,activo
30002005,A. Sylla,15,Real Betis Baloncesto,2022,activo
20200279,P. Pozas,15,Real Betis Baloncesto,2022,activo
20212773,V. Gerun,15,Real Betis Baloncesto,2022,activo
30000153,Z. Maronka,15,Real Betis Baloncesto,2022,activo
30000514,J. Montero,15,Real Betis Baloncesto,2022,activo
30002513,J. Gray,15,Real Betis Baloncesto,2022,baja
30001915,J. Hill,15,Real Betis Baloncesto,2022,baja
30002108,G. Tsalmpouris,15,Real Betis Baloncesto,2022,baja
20201850,T. Urtasun,15,Real Betis Baloncesto,2022,baja
30000514,J. Montero,15,Real Betis Baloncesto,2022,baja
30000479,Y. Nzosa,15,Real Betis Baloncesto,2022,baja
30001134,S. Evans,15,Real Betis Baloncesto,2022,baja
20211797,R. Kurucs,15,Real Betis Baloncesto,2022,baja
20211754,P. Busquets,8,Joventut Badalona,2022,activo
20200836,P. Ribas,8,Joventut Badalona,2022,activo
30002027,K. Guy,8,Joventut Badalona,2022,activo
20212971,V. Brodziansky,8,Joventut Badalona,2022,activo
30001117,H. Ellenson,8,Joventut Badalona,2022,activo
20200247,A. Ventura,8,Joventut Badalona,2022,activo
20204158,G. Vives,8,Joventut Badalona,2022,activo
30001114,A. Feliz,8,Joventut Badalona,2022,activo
20212423,S. Birgander,8,Joventut Badalona,2022,activo
20212265,J. Parra,8,Joventut Badalona,2022,activo
20202172,A. Tomic,8,Joventut Badalona,2022,activo
20212073,M. Allen,8,Joventut Badalona,2022,activo
30000095,Y. Kraag,8,Joventut Badalona,2022,activo
30001247,J. Rodriguez,8,Joventut Badalona,2022,activo
30002056,L. Okeke,8,Joventut Badalona,2022,activo
30000153,Z. Maronka,8,Joventut Badalona,2022,baja
30002043,W. Howard,8,Joventut Badalona,2022,baja
30002148,J. Jones,8,Joventut Badalona,2022,baja
30001997,M. Fjellerup,591,Bàsquet Girona,2022,activo
20211456,E. Vila,591,Bàsquet Girona,2022,activo
30001981,K. Taylor,591,Bàsquet Girona,2022,activo
20210139,P. Figueras,591,Bàsquet Girona,2022,activo
20202077,Q. Colom,591,Bàsquet Girona,2022,activo
30002022,D. Miletic,591,Bàsquet Girona,2022,activo
30001915,J. Hill,591,Bàsquet Girona,2022,activo
30000112,O. Hanzlik,591,Bàsquet Girona,2022,activo
20212455,P. Garino,591,Bàsquet Girona,2022,activo
20212495,J. Jenkins,591,Bàsquet Girona,2022,activo
20201682,M. Gasol,591,Bàsquet Girona,2022,activo
20210852,J. Sorolla,591,Bàsquet Girona,2022,activo
30001980,R. Prkacin,591,Bàsquet Girona,2022,activo
20202164,P. Oriola,591,Bàsquet Girona,2022,baja
20203795,J. Franch,591,Bàsquet Girona,2022,baja
30002112,A. Bursac,591,Bàsquet Girona,2022,baja
30001979,D. Osetkowski,14,Unicaja,2022,activo
30000049,M. Ejim,14,Unicaja,2022,activo
30001169,T. Kalinoski,14,Unicaja,2022,activo
20200191,J. Barreiro,14,Unicaja,2022,activo
20209919,D. Brizuela,14,Unicaja,2022,activo
20209226,A. Díaz,14,Unicaja,2022,activo
30001978,T. Carter,14,Unicaja,2022,activo
20202039,N. Djedovic,14,Unicaja,2022,activo
20211316,W. Thomas,14,Unicaja,2022,activo
30000023,D. Kravish,14,Unicaja,2022,activo
30001977,K. Perry,14,Unicaja,2022,activo
20213230,Y. Sima,14,Unicaja,2022,activo
20213207,R. Vicente,14,Unicaja,2022,activo
20213210,M. Saint-Supery,14,Unicaja,2022,activo
20200277,A. Lima,14,Unicaja,2022,baja
30002612,C. Chiozza,12,UCAM Murcia,2022,activo
20204053,T. Bellas,12,UCAM Murcia,2022,activo
20211263,N. Radovic,12,UCAM Murcia,2022,activo
20212959,T. McFadden,12,UCAM Murcia,2022,activo
20211643,A. Pustovyi,12,UCAM Murcia,2022,activo
20212244,J. Sakho,12,UCAM Murcia,2022,activo
20209890,I. Diop,12,UCAM Murcia,2022,activo
30001896,J. Anderson,12,UCAM Murcia,2022,activo
20203834,D. Jelinek,12,UCAM Murcia,2022,activo
20211304,S. Rojas,12,UCAM Murcia,2022,activo
20212196,D. Nikolic,12,UCAM Murcia,2022,activo
30002409,Andronikashvili,12,UCAM Murcia,2022,activo
30000611,V. García,12,UCAM Murcia,2022,activo
30001089,U. Klavzar,12,UCAM Murcia,2022,activo
30001879,T. Trice,12,UCAM Murcia,2022,baja
30001898,R. Luther,12,UCAM Murcia,2022,baja
30000021,J. Davis,12,UCAM Murcia,2022,baja
30002158,N. Giffey,12,UCAM Murcia,2022,baja
20211297,A. Waczynski,10,BAXI Manresa,2022,activo
30002017,J. Harding,10,BAXI Manresa,2022,activo
20210815,G. Jou,10,BAXI Manresa,2022,activo
30000015,D. García,10,BAXI Manresa,2022,activo
30000645,M. Sagnia,10,BAXI Manresa,2022,activo
30000022,F. Ferrari,10,BAXI Manresa,2022,activo
30000213,B. Olumuyiwa,10,BAXI Manresa,2022,activo
30000025,J. Vaulet,10,BAXI Manresa,2022,activo
30002443,M. Geben,10,BAXI Manresa,2022,activo
20203826,D. Pérez,10,BAXI Manresa,2022,activo
30000107,B. Badio,10,BAXI Manresa,2022,activo
30002444,D. Robinson,10,BAXI Manresa,2022,activo
30000133,M. Steinbergs,10,BAXI Manresa,2022,activo
30002117,L. Coulibaly,10,BAXI Manresa,2022,activo
30002262,M. Tass,10,BAXI Manresa,2022,baja
30000053,T. Pérez,10,BAXI Manresa,2022,baja
30000645,M. Sagnia,10,BAXI Manresa,2022,baja
30002343,J. Caroline,10,BAXI Manresa,2022,baja
30001214,E. Valtonen,10,BAXI Manresa,2022,baja
30002025,G. Bortolani,10,BAXI Manresa,2022,baja
30002112,A. Bursac,10,BAXI Manresa,2022,baja
30002024,M. Lee,10,BAXI Manresa,2022,baja
20211648,J. Hamilton,10,BAXI Manresa,2022,baja
20210224,F. Causeur,9,Real Madrid,2023,activo
30002039,I. Diagne,9,Real Madrid,2023,activo
20201540,R. Fernández,9,Real Madrid,2023,activo
20210088,A. Abalde,9,Real Madrid,2023,activo
20211331,F. Campazzo,9,Real Madrid,2023,activo
20213252,H. González,9,Real Madrid,2023,activo
20210501,M. Hezonja,9,Real Madrid,2023,activo
20210357,C. Alocén,9,Real Madrid,2023,activo
20201730,S. Rodríguez,9,Real Madrid,2023,activo
20212952,G. Deck,9,Real Madrid,2023,activo
20212416,V. Poirier,9,Real Madrid,2023,activo
20209407,W. Tavares,9,Real Madrid,2023,activo
20201774,S. Llull,9,Real Madrid,2023,activo
30001112,G. Yabusele,9,Real Madrid,2023,activo
30001229,E. Ndiaye,9,Real Madrid,2023,activo
30001170,D. Musa,9,Real Madrid,2023,activo
30001979,D. Osetkowski,14,Unicaja,2023,activo
30000049,M. Ejim,14,Unicaja,2023,activo
30001169,T. Kalinoski,14,Unicaja,2023,activo
30001981,K. Taylor,14,Unicaja,2023,activo
20200191,J. Barreiro,14,Unicaja,2023,activo
20209226,A. Díaz,14,Unicaja,2023,activo
30001978,T. Carter,14,Unicaja,2023,activo
20202039,N. Djedovic,14,Unicaja,2023,activo
20200277,A. Lima,14,Unicaja,2023,activo
30002052,B. Badji,14,Unicaja,2023,activo
20211316,W. Thomas,14,Unicaja,2023,activo
30000023,D. Kravish,14,Unicaja,2023,activo
30001977,K. Perry,14,Unicaja,2023,activo
20213230,Y. Sima,14,Unicaja,2023,activo
20213210,M. Saint-Supery,14,Unicaja,2023,baja
20209890,I. Diop,14,Unicaja,2023,baja
30002057,A. Smith,4,Surne Bilbao Basket,2023,activo
30003244,K. Hornsby,4,Surne Bilbao Basket,2023,activo
20211996,U. Barandalla,4,Surne Bilbao Basket,2023,activo
30001983,D. Andersson,4,Surne Bilbao Basket,2023,activo
30002688,Killeya-Jones,4,Surne Bilbao Basket,2023,activo
20211649,T. Rigo,4,Surne Bilbao Basket,2023,activo
20204133,A. Reyes,4,Surne Bilbao Basket,2023,activo
30002687,T. De Ridder,4,Surne Bilbao Basket,2023,activo
20210271,A. Renfroe,4,Surne Bilbao Basket,2023,activo
20212357,M. Pantzar,4,Surne Bilbao Basket,2023,activo
20203590,X. Rabaseda,4,Surne Bilbao Basket,2023,activo
20212461,T. Hlinason,4,Surne Bilbao Basket,2023,activo
30002108,G. Tsalmpouris,4,Surne Bilbao Basket,2023,activo
30001225,K. Kullamae,4,Surne Bilbao Basket,2023,activo
30001166,T. Scrubb,57,Monbus Obradoiro,2023,activo
30001167,F. Zurbriggen,57,Monbus Obradoiro,2023,activo
20212413,J. Timma,57,Monbus Obradoiro,2023,activo
20210139,P. Figueras,57,Monbus Obradoiro,2023,activo
30003333,J. Strelnieks,57,Monbus Obradoiro,2023,activo
30002816,P. Harguindey,57,Monbus Obradoiro,2023,activo
30003339,D. Dotson,57,Monbus Obradoiro,2023,activo
30001998,M. Blazevic,57,Monbus Obradoiro,2023,activo
20211643,A. Pustovyi,57,Monbus Obradoiro,2023,activo
30002818,A. Grela,57,Monbus Obradoiro,2023,activo
30002655,R. Mendoza,57,Monbus Obradoiro,2023,activo
30002497,J. Manuel Bocca,57,Monbus Obradoiro,2023,activo
20210707,R. Guerrero,57,Monbus Obradoiro,2023,activo
20200282,Á. Muñoz,57,Monbus Obradoiro,2023,activo
30002703,T. Tinkle,57,Monbus Obradoiro,2023,activo
30002872,O. Kovliar,57,Monbus Obradoiro,2023,activo
20204146,A. Suárez,57,Monbus Obradoiro,2023,activo
30002711,J. Howard,57,Monbus Obradoiro,2023,activo
30001270,S. Huguet,57,Monbus Obradoiro,2023,baja
30002656,E. Washington,57,Monbus Obradoiro,2023,baja
30002852,R. Badzim,57,Monbus Obradoiro,2023,baja
30001950,O. Da Silva,2,Barça,2023,activo
20209098,O. Paulí,2,Barça,2023,activo
30001949,J. Vesely,2,Barça,2023,activo
20209919,D. Brizuela,2,Barça,2023,activo
20201871,R. Rubio,2,Barça,2023,activo
30000314,N. Kalinic,2,Barça,2023,activo
20202163,T. Satoransky,2,Barça,2023,activo
20209187,W. Hernangómez,2,Barça,2023,activo
20211947,N. Laprovittola,2,Barça,2023,activo
20209223,A. Abrines,2,Barça,2023,activo
30002721,J. Parker,2,Barça,2023,activo
30001353,J. Nnaji,2,Barça,2023,activo
30001217,R. Jokubaitis,2,Barça,2023,activo
30002439,D. Sarr,2,Barça,2023,activo
30002618,K. Jakucionis,2,Barça,2023,activo
20212265,J. Parra,2,Barça,2023,activo
30000925,M. Caicedo,2,Barça,2023,baja
20212239,S. Raieste,3,Baskonia,2023,activo
30002612,C. Chiozza,3,Baskonia,2023,activo
20211976,J. Querejeta,3,Baskonia,2023,activo
20210830,T. Sedekerskis,3,Baskonia,2023,activo
30000045,V. Marinkovic,3,Baskonia,2023,activo
30001133,Miller-McIntyre,3,Baskonia,2023,activo
20204156,D. Díez,3,Baskonia,2023,activo
30002650,N.Rogkavopoulos,3,Baskonia,2023,activo
20212905,K. Diop,3,Baskonia,2023,activo
30001976,M. Kotsar,3,Baskonia,2023,activo
30000032,M. Costello,3,Baskonia,2023,activo
30003249,J. Theodore,3,Baskonia,2023,activo
30002867,V. Hrabar,3,Baskonia,2023,activo
30001128,C. Moneke,3,Baskonia,2023,activo
30001957,M. Howard,3,Baskonia,2023,activo
30002653,N. Mannion,3,Baskonia,2023,baja
30002042,D. Bordón,5,Dreamland Gran Canaria,2023,activo
30002776,J. Urbaniak,5,Dreamland Gran Canaria,2023,activo
20212462,J. Kljajic,5,Dreamland Gran Canaria,2023,activo
30000031,AJ Slaughter,5,Dreamland Gran Canaria,2023,activo
20200243,F. Bassas,5,Dreamland Gran Canaria,2023,activo
20212190,A. Albicy,5,Dreamland Gran Canaria,2023,activo
30001980,R. Prkacin,5,Dreamland Gran Canaria,2023,activo
20212648,N. Brussino,5,Dreamland Gran Canaria,2023,activo
20212441,M. Salvó,5,Dreamland Gran Canaria,2023,activo
30002718,P. Pelos,5,Dreamland Gran Canaria,2023,activo
20210670,J. Shurna,5,Dreamland Gran Canaria,2023,activo
20212438,S. Landesberg,5,Dreamland Gran Canaria,2023,activo
30000132,R. López,5,Dreamland Gran Canaria,2023,activo
30003238,A. Gegic,5,Dreamland Gran Canaria,2023,activo
30001954,E. Happ,5,Dreamland Gran Canaria,2023,activo
30000062,B. Lammers,5,Dreamland Gran Canaria,2023,activo
30001997,M. Fjellerup,591,Bàsquet Girona,2023,activo
20211456,E. Vila,591,Bàsquet Girona,2023,activo
30002671,Y. Pons,591,Bàsquet Girona,2023,activo
30000108,J. Marcos,591,Bàsquet Girona,2023,activo
30002577,P. Sala,591,Bàsquet Girona,2023,activo
20202077,Q. Colom,591,Bàsquet Girona,2023,activo
30002719,G. Goloman,591,Bàsquet Girona,2023,activo
20210335,S. Martínez,591,Bàsquet Girona,2023,activo
30003290,K. Birch,591,Bàsquet Girona,2023,activo
20212234,K. Chery,591,Bàsquet Girona,2023,activo
30002674,M. Susinskas,591,Bàsquet Girona,2023,activo
30003343,G. York,591,Bàsquet Girona,2023,activo
20210852,J. Sorolla,591,Bàsquet Girona,2023,activo
30000925,M. Caicedo,591,Bàsquet Girona,2023,activo
30002652,S. Djordjevic,591,Bàsquet Girona,2023,activo
30002683,I. Iroegbu,591,Bàsquet Girona,2023,activo
30002863,C. Davis,591,Bàsquet Girona,2023,baja
30003236,B. Ivey,591,Bàsquet Girona,2023,baja
30002666,M. Brown,591,Bàsquet Girona,2023,baja
30002036,H. Sant-Roos,12,UCAM Murcia,2023,activo
30002651,T. Caupain,12,UCAM Murcia,2023,activo
20211263,N. Radovic,12,UCAM Murcia,2023,activo
30001917,J. Radebaugh,12,UCAM Murcia,2023,activo
30000649,W. Falk,12,UCAM Murcia,2023,activo
30002665,D. Sleva,12,UCAM Murcia,2023,activo
20213171,F. Flores,12,UCAM Murcia,2023,activo
20200294,M. Todorovic,12,UCAM Murcia,2023,activo
20210278,M. Diagné,12,UCAM Murcia,2023,activo
20210498,L. Hakanson,12,UCAM Murcia,2023,activo
30003347,Y. Morin,12,UCAM Murcia,2023,activo
20203834,D. Jelinek,12,UCAM Murcia,2023,activo
20212941,D. Ennis,12,UCAM Murcia,2023,activo
20212423,S. Birgander,12,UCAM Murcia,2023,activo
20211887,A. Kurucs,12,UCAM Murcia,2023,activo
20211797,R. Kurucs,12,UCAM Murcia,2023,activo
20212244,J. Sakho,12,UCAM Murcia,2023,baja
20212959,T. McFadden,12,UCAM Murcia,2023,baja
30002033,C. Felicio,592,Coviran Granada,2023,activo
30000063,J. Rousselle,592,Coviran Granada,2023,activo
30002746,H. Megias,592,Coviran Granada,2023,activo
30000927,K. Cheatham,592,Coviran Granada,2023,activo
20210661,S. Bamforth,592,Coviran Granada,2023,activo
30002727,G. Martínez,592,Coviran Granada,2023,activo
30001214,E. Valtonen,592,Coviran Granada,2023,activo
20208873,C. Díaz,592,Coviran Granada,2023,activo
20209470,L. Costa,592,Coviran Granada,2023,activo
20203675,P. Tomàs,592,Coviran Granada,2023,activo
20210716,D. Iriarte,592,Coviran Granada,2023,activo
30000004,J. Wiley,592,Coviran Granada,2023,activo
30002716,D. Kramer,592,Coviran Granada,2023,activo
30000296,M. Dime,592,Coviran Granada,2023,activo
30003338,W. Barton,592,Coviran Granada,2023,baja
30001127,J. Thomasson,592,Coviran Granada,2023,baja
30002714,A. Konontsuk,592,Coviran Granada,2023,baja
30002715,E. Kairys,592,Coviran Granada,2023,baja
30002717,Y. Ziv,592,Coviran Granada,2023,baja
30002750,F. Ndiaye,592,Coviran Granada,2023,baja
20201901,V. Claver,13,Valencia Basket,2023,activo
20210392,J. Puerto,13,Valencia Basket,2023,activo
30002724,N. Reuvers,13,Valencia Basket,2023,activo
20211129,J. Pradilla,13,Valencia Basket,2023,activo
30002865,J. Anderson,13,Valencia Basket,2023,activo
20211660,López-Arostegui,13,Valencia Basket,2023,activo
30002048,C. Jones,13,Valencia Basket,2023,activo
30001509,D. Inglis,13,Valencia Basket,2023,activo
30002442,S. Jovic,13,Valencia Basket,2023,activo
30002729,B. Touré,13,Valencia Basket,2023,activo
30003341,A. Kaba,13,Valencia Basket,2023,activo
30000287,K. Robertson,13,Valencia Basket,2023,activo
30000019,B. Davies,13,Valencia Basket,2023,activo
30002811,S. Ojeleye,13,Valencia Basket,2023,activo
20211617,K. Pangos,13,Valencia Basket,2023,activo
20213202,L. Marí,13,Valencia Basket,2023,activo
30001360,S. De Larrea,13,Valencia Basket,2023,activo
30002061,J. Harper,13,Valencia Basket,2023,activo
30000313,M. Hermannsson,13,Valencia Basket,2023,baja
20212102,G. Ferrando,13,Valencia Basket,2023,baja
30002739,T. Williams,10,BAXI Manresa,2023,activo
20210815,G. Jou,10,BAXI Manresa,2023,activo
30000015,D. García,10,BAXI Manresa,2023,activo
20213406,M. Gaspà,10,BAXI Manresa,2023,activo
30002740,B. Taylor,10,BAXI Manresa,2023,activo
30000133,M. Steinbergs,10,BAXI Manresa,2023,activo
30000645,M. Sagnia,10,BAXI Manresa,2023,activo
30002117,L. Coulibaly,10,BAXI Manresa,2023,activo
30003270,S. Mawugbe,10,BAXI Manresa,2023,activo
30000025,J. Vaulet,10,BAXI Manresa,2023,activo
30002443,M. Geben,10,BAXI Manresa,2023,activo
20202164,P. Oriola,10,BAXI Manresa,2023,activo
20203826,D. Pérez,10,BAXI Manresa,2023,activo
30000107,B. Badio,10,BAXI Manresa,2023,activo
30002444,D. Robinson,10,BAXI Manresa,2023,activo
30001214,E. Valtonen,10,BAXI Manresa,2023,baja
30002814,J. Zohore,10,BAXI Manresa,2023,baja
30002698,A. Polite,25,Río Breogán,2023,activo
30003340,J. Robinson,25,Río Breogán,2023,activo
30002675,M. Rudan,25,Río Breogán,2023,activo
30003233,B. McLemore,25,Río Breogán,2023,activo
30002699,M. Jogela,25,Río Breogán,2023,activo
30001889,S. Momirov,25,Río Breogán,2023,activo
20210685,S. García,25,Río Breogán,2023,activo
20212244,J. Sakho,25,Río Breogán,2023,activo
30000272,M. Sajus,25,Río Breogán,2023,activo
30000138,J. Fernández,25,Río Breogán,2023,activo
30001182,E. Quintela,25,Río Breogán,2023,activo
30003328,R. Gray,25,Río Breogán,2023,activo
30002700,M. Diouf,25,Río Breogán,2023,activo
30000013,S. Quintela,25,Río Breogán,2023,activo
30001899,T. Nakic,25,Río Breogán,2023,activo
20200247,A. Ventura,25,Río Breogán,2023,baja
30000309,C. Frankamp,25,Río Breogán,2023,baja
30002865,J. Anderson,25,Río Breogán,2023,baja
30002759,D. Agravanis,25,Río Breogán,2023,baja
30002701,Z. Sisko,25,Río Breogán,2023,baja
30000095,Y. Kraag,8,Joventut Badalona,2023,activo
20213146,P. Majoral,8,Joventut Badalona,2023,activo
20211754,P. Busquets,8,Joventut Badalona,2023,activo
20200836,P. Ribas,8,Joventut Badalona,2023,activo
30001226,R. Prey,8,Joventut Badalona,2023,activo
20212971,V. Brodziansky,8,Joventut Badalona,2023,activo
30001247,J. Rodriguez,8,Joventut Badalona,2023,activo
30002731,A. Andrews,8,Joventut Badalona,2023,activo
20213507,I. Garmendia,8,Joventut Badalona,2023,activo
20204158,G. Vives,8,Joventut Badalona,2023,activo
20213414,I. Platteeuw,8,Joventut Badalona,2023,activo
20212073,M. Allen,8,Joventut Badalona,2023,activo
30002869,M. Ruzic,8,Joventut Badalona,2023,activo
30001114,A. Feliz,8,Joventut Badalona,2023,activo
30002912,T. Cook,8,Joventut Badalona,2023,activo
30002755,K. López,8,Joventut Badalona,2023,activo
20202172,A. Tomic,8,Joventut Badalona,2023,activo
30001134,S. Evans,8,Joventut Badalona,2023,activo
30002755,K. López,8,Joventut Badalona,2023,baja
20211332,D. Thomas,8,Joventut Badalona,2023,baja
20212234,K. Chery,8,Joventut Badalona,2023,baja
30002730,C. Onuaku,8,Joventut Badalona,2023,baja
30003241,I. Piñeiro,624,Zunder Palencia,2023,activo
30002712,M. Haarms,624,Zunder Palencia,2023,activo
30003332,J. Hands,624,Zunder Palencia,2023,activo
20210959,C. Ortega,624,Zunder Palencia,2023,activo
30002691,Van der Vuurst,624,Zunder Palencia,2023,activo
20211641,V. Benite,624,Zunder Palencia,2023,activo
30002738,M. Kamba,624,Zunder Palencia,2023,activo
20204069,M. Rodríguez,624,Zunder Palencia,2023,activo
30001332,A. Ubal,624,Zunder Palencia,2023,activo
20200293,C. González,624,Zunder Palencia,2023,activo
20211607,A. Pasecniks,624,Zunder Palencia,2023,activo
30000309,C. Frankamp,624,Zunder Palencia,2023,activo
30002069,O. Ndiaye,624,Zunder Palencia,2023,activo
30001847,Y. Franke,624,Zunder Palencia,2023,baja
30002862,G. Whittington,624,Zunder Palencia,2023,baja
30002690,B. Brown,624,Zunder Palencia,2023,baja
30002676,T. Leissner,624,Zunder Palencia,2023,baja
30000053,T. Pérez,22,MoraBanc Andorra,2023,activo
30000514,J. Montero,22,MoraBanc Andorra,2023,activo
20200274,R. Luz,22,MoraBanc Andorra,2023,activo
20210544,J. Rubio,22,MoraBanc Andorra,2023,activo
20211333,T. Borg,22,MoraBanc Andorra,2023,activo
20203810,N. Llovet,22,MoraBanc Andorra,2023,activo
30002017,J. Harding,22,MoraBanc Andorra,2023,activo
20212966,S. Okoye,22,MoraBanc Andorra,2023,activo
20210122,F. Dos Anjos,22,MoraBanc Andorra,2023,activo
30003234,A. Madsen,22,MoraBanc Andorra,2023,activo
30001091,A. Somogyi,22,MoraBanc Andorra,2023,activo
30002694,M. Maric,22,MoraBanc Andorra,2023,activo
30002695,M. Andric,22,MoraBanc Andorra,2023,activo
30002677,M. Starks,22,MoraBanc Andorra,2023,baja
30001111,A. Goudelock,22,MoraBanc Andorra,2023,baja
20204124,J. Fernández,28,Lenovo Tenerife,2023,activo
20212972,B. Fitipaldo,28,Lenovo Tenerife,2023,activo
20201760,M. Huertas,28,Lenovo Tenerife,2023,activo
20211597,S. Salin,28,Lenovo Tenerife,2023,activo
30002027,K. Guy,28,Lenovo Tenerife,2023,activo
20209890,I. Diop,28,Lenovo Tenerife,2023,activo
20209878,O. Stevic,28,Lenovo Tenerife,2023,activo
20203882,J. Sastre,28,Lenovo Tenerife,2023,activo
20210659,G. Shermadini,28,Lenovo Tenerife,2023,activo
20211625,T. Abromaitis,28,Lenovo Tenerife,2023,activo
30001916,E. Cook,28,Lenovo Tenerife,2023,activo
30002830,M. Sangare,28,Lenovo Tenerife,2023,activo
20203945,A. López,28,Lenovo Tenerife,2023,activo
20209934,F. Guerra,28,Lenovo Tenerife,2023,activo
20212189,A. Doornekamp,28,Lenovo Tenerife,2023,activo
30002477,L. Riga,28,Lenovo Tenerife,2023,activo
20209139,E. Vicedo,28,Lenovo Tenerife,2023,activo
30001145,D. Ristic,28,Lenovo Tenerife,2023,baja
30001171,T. Bell-Haynes,16,Casademont Zaragoza,2023,activo
30002409,Andronikashvili,16,Casademont Zaragoza,2023,activo
20210918,S. Yusta,16,Casademont Zaragoza,2023,activo
20213218,L. Langarita,16,Casademont Zaragoza,2023,activo
20212476,M. González,16,Casademont Zaragoza,2023,activo
30002829,Y. Mencía,16,Casademont Zaragoza,2023,activo
30000039,D. Kravic,16,Casademont Zaragoza,2023,activo
30002704,M. Smith,16,Casademont Zaragoza,2023,activo
20210828,E. Sulejmanovic,16,Casademont Zaragoza,2023,activo
20212959,T. McFadden,16,Casademont Zaragoza,2023,activo
30002812,F. Minzer,16,Casademont Zaragoza,2023,activo
20212593,A. Moreno,16,Casademont Zaragoza,2023,activo
30002813,Y. Traoré,16,Casademont Zaragoza,2023,activo
30003202,D. Muñoz,16,Casademont Zaragoza,2023,activo
30002843,M. Watt,16,Casademont Zaragoza,2023,activo
30003336,F. Delany,16,Casademont Zaragoza,2023,activo
20212266,D. Cuevas,16,Casademont Zaragoza,2023,activo
20212214,T. Gielo,16,Casademont Zaragoza,2023,baja
30002815,A. Cinciarini,16,Casademont Zaragoza,2023,baja
30002706,J. Okafor,16,Casademont Zaragoza,2023,baja
30000293,O. Emegano,16,Casademont Zaragoza,2023,baja
20212482,J. García,16,Casademont Zaragoza,2023,baja
30002865,J. Anderson,2,Barça,2024,activo
30002439,D. Sarr,2,Barça,2024,activo
30001949,J. Vesely,2,Barça,2024,activo
20209919,D. Brizuela,2,Barça,2024,activo
30003392,C. Metu,2,Barça,2024,activo
20202163,T. Satoransky,2,Barça,2024,activo
20209187,W. Hernangómez,2,Barça,2024,activo
30000093,J. Núñez,2,Barça,2024,activo
30000037,Y. Fall,2,Barça,2024,activo
20211947,N. Laprovittola,2,Barça,2024,activo
20209223,A. Abrines,2,Barça,2024,activo
30002721,J. Parker,2,Barça,2024,activo
20209859,R. Neto,2,Barça,2024,activo
30003780,A. Butajevas,2,Barça,2024,activo
20212265,J. Parra,2,Barça,2024,activo
30003788,R. Villar,2,Barça,2024,activo
30003361,K. Punter,2,Barça,2024,activo
30002776,J. Urbaniak,5,Dreamland Gran Canaria,2024,activo
20212462,J. Kljajic,5,Dreamland Gran Canaria,2024,activo
30003388,G. Conditt,5,Dreamland Gran Canaria,2024,activo
30003377,C. Homesley,5,Dreamland Gran Canaria,2024,activo
20212190,A. Albicy,5,Dreamland Gran Canaria,2024,activo
20212648,N. Brussino,5,Dreamland Gran Canaria,2024,activo
20212441,M. Salvó,5,Dreamland Gran Canaria,2024,activo
20210357,C. Alocén,5,Dreamland Gran Canaria,2024,activo
30002718,P. Pelos,5,Dreamland Gran Canaria,2024,activo
20210670,J. Shurna,5,Dreamland Gran Canaria,2024,activo
20212399,M. Tobey,5,Dreamland Gran Canaria,2024,activo
30001127,J. Thomasson,5,Dreamland Gran Canaria,2024,activo
30002773,M. Diop,5,Dreamland Gran Canaria,2024,activo
30003398,H. Frey,4,Surne Bilbao Basket,2024,activo
30003400,Abdur-Rahkman,4,Surne Bilbao Basket,2024,activo
20212114,R. Domínguez,4,Surne Bilbao Basket,2024,activo
30000663,I. Chacón,4,Surne Bilbao Basket,2024,activo
30002687,T. De Ridder,4,Surne Bilbao Basket,2024,activo
20212214,T. Gielo,4,Surne Bilbao Basket,2024,activo
30003399,M. Jones,4,Surne Bilbao Basket,2024,activo
20212357,M. Pantzar,4,Surne Bilbao Basket,2024,activo
20203590,X. Rabaseda,4,Surne Bilbao Basket,2024,activo
20210258,Z. Dragic,4,Surne Bilbao Basket,2024,activo
20212461,T. Hlinason,4,Surne Bilbao Basket,2024,activo
30002005,A. Sylla,4,Surne Bilbao Basket,2024,activo
30001225,K. Kullamae,4,Surne Bilbao Basket,2024,activo
30001979,D. Osetkowski,14,Unicaja,2024,activo
20212243,A. Balcerowski,14,Unicaja,2024,activo
30000049,M. Ejim,14,Unicaja,2024,activo
30001169,T. Kalinoski,14,Unicaja,2024,activo
30001981,K. Taylor,14,Unicaja,2024,activo
20200191,J. Barreiro,14,Unicaja,2024,activo
20209226,A. Díaz,14,Unicaja,2024,activo
30001978,T. Carter,14,Unicaja,2024,activo
20202039,N. Djedovic,14,Unicaja,2024,activo
30003424,K. Tillie,14,Unicaja,2024,activo
30000023,D. Kravish,14,Unicaja,2024,activo
30001977,K. Perry,14,Unicaja,2024,activo
20213230,Y. Sima,14,Unicaja,2024,activo
30000053,T. Pérez,14,Unicaja,2024,activo
30000095,Y. Kraag,8,Joventut Badalona,2024,activo
30003339,D. Dotson,8,Joventut Badalona,2024,activo
20211754,P. Busquets,8,Joventut Badalona,2024,activo
20200836,P. Ribas,8,Joventut Badalona,2024,activo
30003422,K. Gates,8,Joventut Badalona,2024,activo
20211643,A. Pustovyi,8,Joventut Badalona,2024,activo
20204158,G. Vives,8,Joventut Badalona,2024,activo
30003529,S. Dekker,8,Joventut Badalona,2024,activo
20213414,I. Platteeuw,8,Joventut Badalona,2024,activo
20213146,P. Majoral,8,Joventut Badalona,2024,activo
20212073,M. Allen,8,Joventut Badalona,2024,activo
30002869,M. Ruzic,8,Joventut Badalona,2024,activo
30000287,K. Robertson,8,Joventut Badalona,2024,activo
20202172,A. Tomic,8,Joventut Badalona,2024,activo
20209836,A. Hanga,8,Joventut Badalona,2024,activo
30002691,Van der Vuurst,8,Joventut Badalona,2024,baja
30001171,T. Bell-Haynes,16,Casademont Zaragoza,2024,activo
30000031,AJ Slaughter,16,Casademont Zaragoza,2024,activo
20210918,S. Yusta,16,Casademont Zaragoza,2024,activo
20212476,M. González,16,Casademont Zaragoza,2024,activo
30002829,Y. Mencía,16,Casademont Zaragoza,2024,activo
20212348,J. Fernández,16,Casademont Zaragoza,2024,activo
20210254,B. Dubljevic,16,Casademont Zaragoza,2024,activo
30003403,J. Rodriguez,16,Casademont Zaragoza,2024,activo
20210828,E. Sulejmanovic,16,Casademont Zaragoza,2024,activo
20212593,A. Moreno,16,Casademont Zaragoza,2024,activo
30003202,D. Muñoz,16,Casademont Zaragoza,2024,activo
30003366,J. Bango,16,Casademont Zaragoza,2024,activo
30001155,M. Spissu,16,Casademont Zaragoza,2024,activo
20213218,L. Langarita,16,Casademont Zaragoza,2024,baja
20212593,A. Moreno,16,Casademont Zaragoza,2024,baja
30003531,H. Ling,16,Casademont Zaragoza,2024,baja
30002716,D. Kramer,28,La Laguna Tenerife,2024,activo
30003367,K. Kostadinov,28,La Laguna Tenerife,2024,activo
20212972,B. Fitipaldo,28,La Laguna Tenerife,2024,activo
20201760,M. Huertas,28,La Laguna Tenerife,2024,activo
30001166,T. Scrubb,28,La Laguna Tenerife,2024,activo
20209890,I. Diop,28,La Laguna Tenerife,2024,activo
20209470,L. Costa,28,La Laguna Tenerife,2024,activo
20203882,J. Sastre,28,La Laguna Tenerife,2024,activo
20210659,G. Shermadini,28,La Laguna Tenerife,2024,activo
20211625,T. Abromaitis,28,La Laguna Tenerife,2024,activo
20209934,F. Guerra,28,La Laguna Tenerife,2024,activo
20212189,A. Doornekamp,28,La Laguna Tenerife,2024,activo
30003368,P. Willis,28,La Laguna Tenerife,2024,baja
30003417,C. Ohams,10,BAXI Manresa,2024,activo
30003418,S. Vescovi,10,BAXI Manresa,2024,activo
20210815,G. Jou,10,BAXI Manresa,2024,activo
20204133,A. Reyes,10,BAXI Manresa,2024,activo
30003419,B. Massa,10,BAXI Manresa,2024,activo
30000133,M. Steinbergs,10,BAXI Manresa,2024,activo
30000645,M. Sagnia,10,BAXI Manresa,2024,activo
30000109,O. Hustak,10,BAXI Manresa,2024,activo
20213210,M. Saint-Supery,10,BAXI Manresa,2024,activo
30003416,D. Alston Jr.,10,BAXI Manresa,2024,activo
30003415,C. Hunt,10,BAXI Manresa,2024,activo
20213406,M. Gaspà,10,BAXI Manresa,2024,activo
30003414,R. Obasohan,10,BAXI Manresa,2024,activo
20203826,D. Pérez,10,BAXI Manresa,2024,activo
20210914,E. Cate,10,BAXI Manresa,2024,activo
30003505,A. Brimah,10,BAXI Manresa,2024,baja
30000058,P. Scrubb,657,Leyma Coruña,2024,activo
30003423,I. Jakovics,657,Leyma Coruña,2024,activo
20210647,G. Huskic,657,Leyma Coruña,2024,activo
30003449,O. Lundqvist,657,Leyma Coruña,2024,activo
30002740,B. Taylor,657,Leyma Coruña,2024,activo
20211460,A. Diagne,657,Leyma Coruña,2024,activo
20210147,A. Font,657,Leyma Coruña,2024,activo
30003435,Y. Barrueta,657,Leyma Coruña,2024,activo
30003389,LJ Figueroa,657,Leyma Coruña,2024,activo
20203802,A. Hernández,657,Leyma Coruña,2024,activo
20200277,A. Lima,657,Leyma Coruña,2024,activo
20211615,T. Thompkins,657,Leyma Coruña,2024,activo
20204145,B. Burjanadze,657,Leyma Coruña,2024,activo
30003479,O. Thiam,657,Leyma Coruña,2024,activo
30003478,G. Giménez,9,Real Madrid,2024,activo
30003476,D. Duru,9,Real Madrid,2024,activo
20210088,A. Abalde,9,Real Madrid,2024,activo
20211331,F. Campazzo,9,Real Madrid,2024,activo
30003363,X. Rathan-Mayes,9,Real Madrid,2024,activo
20213252,H. González,9,Real Madrid,2024,activo
20210501,M. Hezonja,9,Real Madrid,2024,activo
30001170,D. Musa,9,Real Madrid,2024,activo
20212952,G. Deck,9,Real Madrid,2024,activo
30003477,S. Gueye,9,Real Madrid,2024,activo
20212174,U. Garuba,9,Real Madrid,2024,activo
20203832,S. Ibaka,9,Real Madrid,2024,activo
20209407,W. Tavares,9,Real Madrid,2024,activo
20201774,S. Llull,9,Real Madrid,2024,activo
30001114,A. Feliz,9,Real Madrid,2024,activo
30001229,E. Ndiaye,9,Real Madrid,2024,activo
20210392,J. Puerto,13,Valencia Basket,2024,activo
30002724,N. Reuvers,13,Valencia Basket,2024,activo
20211129,J. Pradilla,13,Valencia Basket,2024,activo
30001360,S. De Larrea,13,Valencia Basket,2024,activo
20211660,López-Arostegui,13,Valencia Basket,2024,activo
30002048,C. Jones,13,Valencia Basket,2024,activo
30000514,J. Montero,13,Valencia Basket,2024,activo
20213321,J. Carot,13,Valencia Basket,2024,activo
30002442,S. Jovic,13,Valencia Basket,2024,activo
30001954,E. Happ,13,Valencia Basket,2024,activo
20213202,L. Marí,13,Valencia Basket,2024,activo
30000032,M. Costello,13,Valencia Basket,2024,activo
30003505,A. Brimah,13,Valencia Basket,2024,activo
30002811,S. Ojeleye,13,Valencia Basket,2024,activo
30003405,N. Sestina,13,Valencia Basket,2024,activo
30000107,B. Badio,13,Valencia Basket,2024,activo
30003507,G. Filipovic,13,Valencia Basket,2024,baja
20212239,S. Raieste,3,Baskonia,2024,activo
20211976,J. Querejeta,3,Baskonia,2024,activo
30000111,P. Savkov,3,Baskonia,2024,activo
20210830,T. Sedekerskis,3,Baskonia,2024,activo
30003351,Luwawu-Cabarrot,3,Baskonia,2024,activo
20212947,O. Jaramaz,3,Baskonia,2024,activo
30003408,T. Forrest,3,Baskonia,2024,activo
30002650,N.Rogkavopoulos,3,Baskonia,2024,activo
20212905,K. Diop,3,Baskonia,2024,activo
30002867,V. Hrabar,3,Baskonia,2024,activo
30001252,S. Faye,3,Baskonia,2024,activo
30003350,K. Baldwin,3,Baskonia,2024,activo
30003387,D. Hall,3,Baskonia,2024,activo
30002069,O. Ndiaye,3,Baskonia,2024,activo
30001128,C. Moneke,3,Baskonia,2024,activo
30001957,M. Howard,3,Baskonia,2024,activo
30003811,C. Goodwin,658,Hiopos Lleida,2024,activo
30003406,C. Walden,658,Hiopos Lleida,2024,activo
30001994,T. Bropleh,658,Hiopos Lleida,2024,activo
30001243,R. Villar,658,Hiopos Lleida,2024,activo
20209098,O. Paulí,658,Hiopos Lleida,2024,activo
30002691,Van der Vuurst,658,Hiopos Lleida,2024,activo
30003420,L. Bozic,658,Hiopos Lleida,2024,activo
30003503,E. Muric,658,Hiopos Lleida,2024,activo
30003234,A. Madsen,658,Hiopos Lleida,2024,activo
30000925,M. Caicedo,658,Hiopos Lleida,2024,activo
20202164,P. Oriola,658,Hiopos Lleida,2024,activo
20204140,K. Hasbrouck,658,Hiopos Lleida,2024,activo
30003464,F. Mauri,658,Hiopos Lleida,2024,activo
30003494,D. Cooke,658,Hiopos Lleida,2024,baja
30003483,D. Bost,658,Hiopos Lleida,2024,baja
20213168,J. Tomás Martínez,12,UCAM Murcia,2024,activo
30000015,D. García,12,UCAM Murcia,2024,activo
30002036,H. Sant-Roos,12,UCAM Murcia,2024,activo
30002651,T. Caupain,12,UCAM Murcia,2024,activo
20211263,N. Radovic,12,UCAM Murcia,2024,activo
30001917,J. Radebaugh,12,UCAM Murcia,2024,activo
30003488,J. Neves,12,UCAM Murcia,2024,activo
20200294,M. Todorovic,12,UCAM Murcia,2024,activo
20212971,V. Brodziansky,12,UCAM Murcia,2024,activo
20210278,M. Diagné,12,UCAM Murcia,2024,activo
20210498,L. Hakanson,12,UCAM Murcia,2024,activo
20211887,A. Kurucs,12,UCAM Murcia,2024,activo
20212941,D. Ennis,12,UCAM Murcia,2024,activo
20212423,S. Birgander,12,UCAM Murcia,2024,activo
20211797,R. Kurucs,12,UCAM Murcia,2024,activo
30003359,N. Sibande,591,Bàsquet Girona,2024,activo
30001997,M. Fjellerup,591,Bàsquet Girona,2024,activo
30002671,Y. Pons,591,Bàsquet Girona,2024,activo
30000108,J. Marcos,591,Bàsquet Girona,2024,activo
30003426,P. Campeny,591,Bàsquet Girona,2024,activo
20212102,G. Ferrando,591,Bàsquet Girona,2024,activo
30000138,J. Fernández,591,Bàsquet Girona,2024,activo
30003407,F. Caffaro,591,Bàsquet Girona,2024,activo
20210335,S. Martínez,591,Bàsquet Girona,2024,activo
30002043,W. Howard,591,Bàsquet Girona,2024,activo
30002674,M. Susinskas,591,Bàsquet Girona,2024,activo
20210852,J. Sorolla,591,Bàsquet Girona,2024,activo
30003360,A. Durham,591,Bàsquet Girona,2024,activo
30001353,J. Nnaji,591,Bàsquet Girona,2024,activo
30002683,I. Iroegbu,591,Bàsquet Girona,2024,activo
20200247,A. Ventura,591,Bàsquet Girona,2024,baja
30003393,C. Moore,25,Río Breogán,2024,activo
20211456,E. Vila,25,Río Breogán,2024,activo
30003430,E. Atic,25,Río Breogán,2024,activo
30000194,D. Apic,25,Río Breogán,2024,activo
20212984,D. Hilliard II,25,Río Breogán,2024,activo
30003394,A. Aranitovic,25,Río Breogán,2024,activo
20212244,J. Sakho,25,Río Breogán,2024,activo
20212431,D. Mavra,25,Río Breogán,2024,activo
30001182,E. Quintela,25,Río Breogán,2024,activo
30001091,A. Somogyi,25,Río Breogán,2024,activo
30003412,EJ Onu,25,Río Breogán,2024,activo
30001899,T. Nakic,25,Río Breogán,2024,activo
30000021,J. Davis,25,Río Breogán,2024,baja
20200274,R. Luz,22,MoraBanc Andorra,2024,activo
30000213,B. Olumuyiwa,22,MoraBanc Andorra,2024,activo
30003442,A. Ganal,22,MoraBanc Andorra,2024,activo
20203810,N. Llovet,22,MoraBanc Andorra,2024,activo
30002017,J. Harding,22,MoraBanc Andorra,2024,activo
20212966,S. Okoye,22,MoraBanc Andorra,2024,activo
20210959,C. Ortega,22,MoraBanc Andorra,2024,activo
20200243,F. Bassas,22,MoraBanc Andorra,2024,activo
20210122,F. Dos Anjos,22,MoraBanc Andorra,2024,activo
20210232,K. Kuric,22,MoraBanc Andorra,2024,activo
30001914,N. Radicevic,22,MoraBanc Andorra,2024,activo
30003410,N. Chougkaz,22,MoraBanc Andorra,2024,activo
30000062,B. Lammers,22,MoraBanc Andorra,2024,activo
30003411,S. Doumbouya,22,MoraBanc Andorra,2024,activo
30001134,S. Evans,22,MoraBanc Andorra,2024,activo
30000063,J. Rousselle,592,Coviran Granada,2024,activo
20212977,G. Clavell,592,Coviran Granada,2024,activo
20210661,S. Bamforth,592,Coviran Granada,2024,activo
20210685,S. García,592,Coviran Granada,2024,activo
30001214,E. Valtonen,592,Coviran Granada,2024,activo
30001332,A. Ubal,592,Coviran Granada,2024,activo
20210887,I. Aurrecoechea,592,Coviran Granada,2024,activo
30001137,A. Noua,592,Coviran Granada,2024,activo
20203675,P. Tomàs,592,Coviran Granada,2024,activo
30000004,J. Wiley,592,Coviran Granada,2024,activo
20210707,R. Guerrero,592,Coviran Granada,2024,activo
30003444,O. Cerdá,592,Coviran Granada,2024,activo
20209139,E. Vicedo,592,Coviran Granada,2024,activo
30003813,M. Oni,8,Joventut Badalona,2024,activo
30003417,C. Ohams,10,BAXI Manresa,2024,baja
30002043,W. Howard,591,Bàsquet Girona,2024,baja
30003818,D. Grant,25,Río Breogán,2024,activo
